change_id,401_lines_added,402_lines_deleted,403_lines_changed,404_loc,405_file_lines,406_time_of_day,407_day_of_week,408_previous_patches,409_previous_buggy_patches,410_file_age,411_commit_time,412_full_path,413_patch_lines,414_lines_inserted,415_lines_removed,500_Buggy?
44174,0,64,0,65,540,15,3,11,9,605,'2008-07-30 15:48:00+00:00',jackrabbit-core/src/main/java/org/apache/jackrabbit/core/namespaceregistryimpl.java,299,0,65,0
44179,38,1,15,58,538,15,3,19,13,605,'2008-07-30 15:48:00+00:00',jackrabbit-core/src/main/java/org/apache/jackrabbit/core/searchmanager.java,299,48,10,0
44185,0,104,0,105,105,15,3,2,0,605,'2008-07-30 15:48:00+00:00',jackrabbit-core/src/test/java/org/apache/jackrabbit/core/namespaceregistryimpltest.java,299,0,105,0
44189,0,1,0,1,43,15,3,4,1,605,'2008-07-30 15:48:00+00:00',jackrabbit-core/src/test/java/org/apache/jackrabbit/core/testall.java,0,0,1,0
44200,16,0,8,28,918,14,1,10,7,472,'2008-08-04 14:44:14+00:00',jackrabbit-core/src/main/java/org/apache/jackrabbit/core/query/lucene/indexingconfigurationimpl.java,113,23,5,0
44209,10,0,0,11,85,14,1,1,1,16,'2008-08-04 14:44:14+00:00',jackrabbit-core/src/test/java/org/apache/jackrabbit/core/query/indexingruletest.java,113,11,0,1
44228,0,14,8,25,443,12,3,5,2,612,'2008-08-06 12:18:08+00:00',jackrabbit-core/src/main/java/org/apache/jackrabbit/core/state/itemstate.java,316,3,22,0
44235,0,44,2,50,1549,12,3,13,8,612,'2008-08-06 12:18:08+00:00',jackrabbit-core/src/main/java/org/apache/jackrabbit/core/state/nodestate.java,316,1,49,1
44245,0,129,0,133,373,12,3,9,7,612,'2008-08-06 12:18:08+00:00',jackrabbit-core/src/main/java/org/apache/jackrabbit/core/state/propertystate.java,0,0,133,0
44256,0,0,11,14,747,9,1,4,1,616,'2008-08-11 09:48:34+00:00',jackrabbit-jcr-commons/src/main/java/org/apache/jackrabbit/util/text.java,90,4,10,0
44262,39,0,0,40,106,9,1,4,1,616,'2008-08-11 09:48:34+00:00',jackrabbit-jcr-commons/src/test/java/org/apache/jackrabbit/util/texttest.java,90,40,0,1
44273,20,0,2,24,949,13,3,5,1,626,'2008-08-20 13:12:44+00:00',jackrabbit-jcr-server/src/main/java/org/apache/jackrabbit/webdav/jcr/defaultitemcollection.java,158,23,1,1
44280,0,3,4,11,348,13,3,2,0,626,'2008-08-20 13:12:44+00:00',jackrabbit-jcr-server/src/main/java/org/apache/jackrabbit/webdav/jcr/defaultitemresource.java,158,4,7,0
44288,66,0,0,67,24,13,3,0,0,0,'2008-08-20 13:12:44+00:00',jackrabbit-jcr-server/src/main/java/org/apache/jackrabbit/webdav/jcr/jcrvaluetype.java,0,67,0,0
44294,0,0,2,2,753,23,5,11,8,628,'2008-08-22 23:56:56+00:00',jackrabbit-core/src/main/java/org/apache/jackrabbit/core/config/repositoryconfigurationparser.java,0,1,1,0
44306,126,0,0,127,133,15,3,0,0,0,'2008-08-27 15:14:48+00:00',jackrabbit-core/src/test/java/org/apache/jackrabbit/core/query/skipdeniednodestest.java,153,127,0,0
44310,1,0,0,1,64,15,3,12,9,633,'2008-08-27 15:14:48+00:00',jackrabbit-core/src/test/java/org/apache/jackrabbit/core/query/testall.java,0,1,0,0
44319,1,0,7,9,81,15,5,2,0,618,'2008-08-29 15:01:07+00:00',jackrabbit-text-extractors/src/main/java/org/apache/jackrabbit/extractor/htmltextextractor.java,0,8,1,0
44328,0,0,7,10,1334,16,2,29,23,639,'2008-09-02 16:26:30+00:00',jackrabbit-core/src/main/java/org/apache/jackrabbit/core/itemimpl.java,0,7,3,1
44339,2,1,20,32,610,16,2,5,1,639,'2008-09-02 16:40:30+00:00',jackrabbit-core/src/main/java/org/apache/jackrabbit/core/nodetype/nodetypedefdiff.java,134,19,13,0
44344,0,0,6,7,914,16,2,4,2,482,'2008-09-02 16:40:30+00:00',jackrabbit-core/src/main/java/org/apache/jackrabbit/core/query/lucene/morelikethis.java,134,4,3,0
44351,0,0,5,7,1956,16,2,22,18,639,'2008-09-02 16:40:30+00:00',jackrabbit-core/src/main/java/org/apache/jackrabbit/core/query/lucene/multiindex.java,0,4,3,0
44362,0,0,2,2,62,13,3,1,1,43,'2008-09-03 13:34:43+00:00',jackrabbit-spi-commons/src/main/java/org/apache/jackrabbit/spi/commons/name/hashcache.java,209,1,1,0
44369,14,0,4,20,952,13,3,4,3,260,'2008-09-03 13:34:43+00:00',jackrabbit-spi-commons/src/main/java/org/apache/jackrabbit/spi/commons/name/pathfactoryimpl.java,209,18,2,0
44376,21,2,23,51,654,13,3,2,0,260,'2008-09-03 13:34:43+00:00',jackrabbit-spi-commons/src/main/java/org/apache/jackrabbit/spi/commons/name/pathmap.java,0,33,18,0
44388,1,17,19,40,0,13,2,25,19,653,'2008-09-16 13:41:28+00:00',jackrabbit-core/src/main/java/org/apache/jackrabbit/core/cluster/clusternode.java,0,3,37,1
44408,0,0,2,2,203,13,4,5,2,655,'2008-09-18 13:06:41+00:00',jackrabbit-core/src/main/java/org/apache/jackrabbit/core/config/beanconfig.java,0,1,1,1
44419,12,1,2,16,120,16,4,2,1,262,'2008-09-18 16:41:20+00:00',jackrabbit-ocm/src/main/java/org/apache/jackrabbit/ocm/manager/impl/objectiterator.java,0,14,2,1
43949,16,14,40,72,1096,10,3,27,19,590,'2008-07-16 10:11:29+00:00',jackrabbit-core/src/main/java/org/apache/jackrabbit/core/query/lucene/lucenequerybuilder.java,1383,37,35,1
43959,9,8,2,21,202,10,3,17,15,590,'2008-07-16 10:11:29+00:00',jackrabbit-core/src/main/java/org/apache/jackrabbit/core/query/lucene/queryimpl.java,1383,11,10,0
43968,2,0,2,5,61,10,3,1,1,148,'2008-07-16 10:11:29+00:00',jackrabbit-spi-commons/src/main/java/org/apache/jackrabbit/spi/commons/query/andquerynode.java,1383,4,1,0
43976,1,0,26,28,76,10,3,1,1,148,'2008-07-16 10:11:29+00:00',jackrabbit-spi-commons/src/main/java/org/apache/jackrabbit/spi/commons/query/defaultquerynodevisitor.java,1383,15,13,0
43985,2,0,2,5,98,10,3,1,1,148,'2008-07-16 10:11:29+00:00',jackrabbit-spi-commons/src/main/java/org/apache/jackrabbit/spi/commons/query/derefquerynode.java,1383,4,1,0
43994,2,0,2,5,103,10,3,1,1,148,'2008-07-16 10:11:29+00:00',jackrabbit-spi-commons/src/main/java/org/apache/jackrabbit/spi/commons/query/exactquerynode.java,1383,4,1,0
44002,2,0,4,7,184,10,3,1,1,148,'2008-07-16 10:11:29+00:00',jackrabbit-spi-commons/src/main/java/org/apache/jackrabbit/spi/commons/query/locationstepquerynode.java,1383,5,2,0
44010,2,0,2,5,175,10,3,2,1,148,'2008-07-16 10:11:29+00:00',jackrabbit-spi-commons/src/main/java/org/apache/jackrabbit/spi/commons/query/naryquerynode.java,1383,4,1,0
44020,2,0,4,7,65,10,3,1,1,148,'2008-07-16 10:11:29+00:00',jackrabbit-spi-commons/src/main/java/org/apache/jackrabbit/spi/commons/query/nodetypequerynode.java,1383,5,2,0
44032,2,0,2,5,58,10,3,1,1,148,'2008-07-16 10:11:29+00:00',jackrabbit-spi-commons/src/main/java/org/apache/jackrabbit/spi/commons/query/notquerynode.java,1383,4,1,0
44044,2,0,2,5,60,10,3,1,1,148,'2008-07-16 10:11:29+00:00',jackrabbit-spi-commons/src/main/java/org/apache/jackrabbit/spi/commons/query/orquerynode.java,1383,4,1,0
44056,2,0,4,7,199,10,3,1,1,148,'2008-07-16 10:11:29+00:00',jackrabbit-spi-commons/src/main/java/org/apache/jackrabbit/spi/commons/query/orderquerynode.java,1383,5,2,0
44069,2,0,4,7,189,10,3,1,1,148,'2008-07-16 10:11:29+00:00',jackrabbit-spi-commons/src/main/java/org/apache/jackrabbit/spi/commons/query/pathquerynode.java,1383,5,2,0
44081,4,1,2,9,123,10,3,1,1,148,'2008-07-16 10:11:29+00:00',jackrabbit-spi-commons/src/main/java/org/apache/jackrabbit/spi/commons/query/propertyfunctionquerynode.java,1383,6,3,0
44090,3,0,6,10,137,10,3,1,1,148,'2008-07-16 10:11:29+00:00',jackrabbit-spi-commons/src/main/java/org/apache/jackrabbit/spi/commons/query/querynode.java,1383,7,3,0
44100,1,0,26,28,49,10,3,1,1,148,'2008-07-16 10:11:29+00:00',jackrabbit-spi-commons/src/main/java/org/apache/jackrabbit/spi/commons/query/querynodevisitor.java,1383,15,13,0
44110,2,0,4,7,144,10,3,1,1,148,'2008-07-16 10:11:29+00:00',jackrabbit-spi-commons/src/main/java/org/apache/jackrabbit/spi/commons/query/queryrootnode.java,1383,5,2,0
44121,3,0,22,26,338,10,3,1,1,148,'2008-07-16 10:11:29+00:00',jackrabbit-spi-commons/src/main/java/org/apache/jackrabbit/spi/commons/query/querytreedump.java,1383,15,11,0
44129,2,1,4,9,338,10,3,1,1,148,'2008-07-16 10:11:29+00:00',jackrabbit-spi-commons/src/main/java/org/apache/jackrabbit/spi/commons/query/relationquerynode.java,1383,5,4,0
44140,4,1,2,9,205,10,3,1,1,148,'2008-07-16 10:11:29+00:00',jackrabbit-spi-commons/src/main/java/org/apache/jackrabbit/spi/commons/query/textsearchquerynode.java,1383,6,3,0
44148,1,0,14,16,60,10,3,1,0,148,'2008-07-16 10:11:29+00:00',jackrabbit-spi-commons/src/main/java/org/apache/jackrabbit/spi/commons/query/traversingquerynodevisitor.java,1383,9,7,0
44156,12,9,26,51,517,10,3,1,1,148,'2008-07-16 10:11:29+00:00',jackrabbit-spi-commons/src/main/java/org/apache/jackrabbit/spi/commons/query/sql/queryformat.java,1383,29,22,0
44164,8,1,33,47,517,10,3,1,1,148,'2008-07-16 10:11:29+00:00',jackrabbit-spi-commons/src/main/java/org/apache/jackrabbit/spi/commons/query/xpath/queryformat.java,1383,27,20,0
44175,2,0,0,2,151,10,3,1,1,148,'2008-07-16 10:11:29+00:00',jackrabbit-spi-commons/src/main/java/org/apache/jackrabbit/spi/commons/query/xpath/simplenode.java,1383,2,0,0
44181,15,14,23,60,1182,10,3,3,1,148,'2008-07-16 10:11:29+00:00',jackrabbit-spi-commons/src/main/java/org/apache/jackrabbit/spi/commons/query/xpath/xpathquerybuilder.java,0,33,27,0
44191,1,0,0,1,0,7,4,21,15,506,'2008-07-31 07:32:27+00:00',jackrabbit-core/src/main/java/org/apache/jackrabbit/core/persistence/bundle/util/bundlebinding.java,0,1,0,0
44202,10,0,44,72,736,19,1,7,3,610,'2008-08-04 19:46:30+00:00',jackrabbit-jcr-server/src/main/java/org/apache/jackrabbit/server/io/defaulthandler.java,250,44,28,0
44211,2,1,8,13,275,19,1,3,2,610,'2008-08-04 19:46:30+00:00',jackrabbit-jcr-server/src/main/java/org/apache/jackrabbit/server/io/importcontextimpl.java,250,8,5,0
44220,8,0,2,11,180,19,1,3,2,610,'2008-08-04 19:46:30+00:00',jackrabbit-jcr-server/src/main/java/org/apache/jackrabbit/server/io/xmlhandler.java,250,10,1,0
44236,1,0,6,7,2056,13,3,20,13,612,'2008-08-06 13:17:00+00:00',jackrabbit-core/src/main/java/org/apache/jackrabbit/core/batcheditemoperations.java,2240,4,3,0
44246,1,0,4,5,982,13,3,19,15,612,'2008-08-06 13:17:00+00:00',jackrabbit-core/src/main/java/org/apache/jackrabbit/core/cachinghierarchymanager.java,2240,3,2,0
44253,1,2,10,13,650,13,3,12,9,612,'2008-08-06 13:17:00+00:00',jackrabbit-core/src/main/java/org/apache/jackrabbit/core/hierarchymanagerimpl.java,2240,6,7,0
44258,1,0,8,15,1320,13,3,27,21,612,'2008-08-06 13:17:00+00:00',jackrabbit-core/src/main/java/org/apache/jackrabbit/core/itemimpl.java,2240,8,7,1
44266,1,0,6,7,1143,13,3,24,18,612,'2008-08-06 13:17:00+00:00',jackrabbit-core/src/main/java/org/apache/jackrabbit/core/itemmanager.java,2240,4,3,0
44271,1,0,28,31,4956,13,3,41,29,612,'2008-08-06 13:17:00+00:00',jackrabbit-core/src/main/java/org/apache/jackrabbit/core/nodeimpl.java,2240,16,15,1
44279,1,0,2,3,119,13,3,2,2,139,'2008-08-06 13:17:00+00:00',jackrabbit-core/src/main/java/org/apache/jackrabbit/core/securityitemmodifier.java,2240,2,1,1
44286,1,0,8,13,136,13,3,4,1,612,'2008-08-06 13:17:00+00:00',jackrabbit-core/src/main/java/org/apache/jackrabbit/core/zombiehierarchymanager.java,2240,7,6,0
44295,1,0,8,9,567,13,3,9,4,612,'2008-08-06 13:17:00+00:00',jackrabbit-core/src/main/java/org/apache/jackrabbit/core/observation/eventstatecollection.java,2240,5,4,0
44301,1,0,2,3,463,13,3,15,7,513,'2008-08-06 13:17:00+00:00',jackrabbit-core/src/main/java/org/apache/jackrabbit/core/persistence/bundle/util/itemstatebinding.java,2240,2,1,0
44307,0,0,2,2,738,13,3,8,4,513,'2008-08-06 13:17:00+00:00',jackrabbit-core/src/main/java/org/apache/jackrabbit/core/persistence/bundle/util/nodepropbundle.java,2240,1,1,0
44314,1,0,2,3,358,13,3,6,2,612,'2008-08-06 13:17:00+00:00',jackrabbit-core/src/main/java/org/apache/jackrabbit/core/persistence/util/serializer.java,2240,2,1,0
44318,1,0,2,3,951,13,3,8,3,612,'2008-08-06 13:17:00+00:00',jackrabbit-core/src/main/java/org/apache/jackrabbit/core/persistence/xml/xmlpersistencemanager.java,2240,2,1,0
44322,1,0,4,5,135,13,3,2,1,111,'2008-08-06 13:17:00+00:00',jackrabbit-core/src/main/java/org/apache/jackrabbit/core/query/onworkspaceinconsistency.java,2240,3,2,0
44329,1,0,4,5,349,13,3,7,3,474,'2008-08-06 13:17:00+00:00',jackrabbit-core/src/main/java/org/apache/jackrabbit/core/query/lucene/aggregateruleimpl.java,2240,3,2,0
44336,1,0,12,13,539,13,3,14,8,612,'2008-08-06 13:17:00+00:00',jackrabbit-core/src/main/java/org/apache/jackrabbit/core/query/lucene/childaxisquery.java,2240,7,6,1
44342,1,0,4,5,390,13,3,4,1,612,'2008-08-06 13:17:00+00:00',jackrabbit-core/src/main/java/org/apache/jackrabbit/core/query/lucene/consistencycheck.java,2240,3,2,0
44349,1,0,2,5,936,13,3,11,8,474,'2008-08-06 13:17:00+00:00',jackrabbit-core/src/main/java/org/apache/jackrabbit/core/query/lucene/indexingconfigurationimpl.java,2240,3,2,0
44353,1,0,2,3,1955,13,3,21,17,612,'2008-08-06 13:17:00+00:00',jackrabbit-core/src/main/java/org/apache/jackrabbit/core/query/lucene/multiindex.java,2240,2,1,0
44356,1,0,2,3,821,13,3,23,19,612,'2008-08-06 13:17:00+00:00',jackrabbit-core/src/main/java/org/apache/jackrabbit/core/query/lucene/nodeindexer.java,2240,2,1,0
44361,505,0,0,506,577,13,3,0,0,0,'2008-08-06 13:17:00+00:00',jackrabbit-core/src/main/java/org/apache/jackrabbit/core/state/childnodeentries.java,2240,506,0,1
44364,91,0,0,92,94,13,3,0,0,0,'2008-08-06 13:17:00+00:00',jackrabbit-core/src/main/java/org/apache/jackrabbit/core/state/childnodeentry.java,2240,92,0,0
44368,0,554,0,556,1501,13,3,14,9,612,'2008-08-06 13:17:00+00:00',jackrabbit-core/src/main/java/org/apache/jackrabbit/core/state/nodestate.java,2240,0,556,0
44374,0,0,8,16,214,13,3,5,3,612,'2008-08-06 13:17:00+00:00',jackrabbit-core/src/main/java/org/apache/jackrabbit/core/state/nodestatemerger.java,2240,8,8,0
44384,1,1,2,6,345,13,3,6,2,612,'2008-08-06 13:17:00+00:00',jackrabbit-core/src/main/java/org/apache/jackrabbit/core/version/internalfrozennodeimpl.java,2240,3,3,0
44393,0,0,2,2,585,13,3,11,4,612,'2008-08-06 13:17:00+00:00',jackrabbit-core/src/main/java/org/apache/jackrabbit/core/version/internalversionhistoryimpl.java,2240,1,1,0
44401,0,0,4,4,427,13,3,6,4,612,'2008-08-06 13:17:00+00:00',jackrabbit-core/src/main/java/org/apache/jackrabbit/core/version/internalversionimpl.java,2240,2,2,0
44410,1,0,12,13,605,13,3,5,2,612,'2008-08-06 13:17:00+00:00',jackrabbit-core/src/main/java/org/apache/jackrabbit/core/version/nodestateex.java,2240,7,6,0
44414,1,0,2,3,499,13,3,3,2,612,'2008-08-06 13:17:00+00:00',jackrabbit-core/src/main/java/org/apache/jackrabbit/core/virtual/abstractvisprovider.java,2240,2,1,0
44422,1,0,6,7,636,13,3,11,5,612,'2008-08-06 13:17:00+00:00',jackrabbit-core/src/main/java/org/apache/jackrabbit/core/xml/workspaceimporter.java,2240,4,3,0
44430,1,0,6,7,604,13,3,8,7,174,'2008-08-06 13:17:00+00:00',jackrabbit-core/src/test/java/org/apache/jackrabbit/core/cachinghierarchymanagertest.java,2240,4,3,0
43990,17,1,10,32,138,12,5,1,0,593,'2008-07-18 12:58:22+00:00',jackrabbit-jcr-server/src/main/java/org/apache/jackrabbit/webdav/jcr/jcrdavexception.java,210,26,6,0
43999,53,0,0,54,53,12,5,0,0,0,'2008-07-18 12:58:22+00:00',jackrabbit-jcr-server/src/test/java/org/apache/jackrabbit/webdav/jcr/jcrdavexceptiontest.java,210,54,0,0
44039,126,0,0,127,0,13,5,0,0,0,'2008-07-18 13:50:36+00:00',jackrabbit-spi2jcr/src/test/java/org/apache/jackrabbit/spi2jcr/defaultrepositorystub.java,2054,127,0,0
44045,117,0,0,118,0,13,5,0,0,0,'2008-07-18 13:50:36+00:00',jackrabbit-spi2jcr/src/test/java/org/apache/jackrabbit/spi2jcr/rmirepositorystub.java,2054,118,0,0
44051,266,0,0,267,0,13,5,0,0,0,'2008-07-18 13:50:36+00:00',jackrabbit-spi2jcr/src/test/java/org/apache/jackrabbit/spi2jcr/repositorysetup.java,2054,267,0,0
44057,87,0,0,88,87,13,5,0,0,0,'2008-07-18 13:50:36+00:00',jackrabbit-spi2jcr/src/test/java/org/apache/jackrabbit/spi2jcr/repositorystubimpl.java,2054,88,0,1
44064,126,0,0,127,75,13,5,0,0,0,'2008-07-18 13:50:36+00:00',jackrabbit-spi2jcr/src/test/java/org/apache/jackrabbit/spi2jcr/servicestubimpl.java,2054,127,0,0
44070,44,0,0,45,28,13,5,0,0,0,'2008-07-18 13:50:36+00:00',jackrabbit-spi2jcr/src/test/java/org/apache/jackrabbit/spi2jcr/jcr2spi/testall.java,2054,45,0,0
44075,39,0,0,40,28,13,5,0,0,0,'2008-07-18 13:50:36+00:00',jackrabbit-spi2jcr/src/test/java/org/apache/jackrabbit/spi2jcr/spi/testall.java,2054,40,0,0
44082,30,0,0,31,30,13,5,0,0,0,'2008-07-18 13:50:36+00:00',jackrabbit-spi2jcr/src/test/java/org/apache/jackrabbit/test/jcrbenchmark.java,2054,31,0,0
44087,41,0,0,42,28,13,5,0,0,0,'2008-07-18 13:50:36+00:00',jackrabbit-spi2jcr/src/test/java/org/apache/jackrabbit/test/testall.java,2054,42,0,0
44130,0,47,0,48,48,10,5,1,0,8,'2008-07-25 10:30:40+00:00',jackrabbit-api/src/main/java/org/apache/jackrabbit/api/observation/localeventlistener.java,149,0,48,0
44135,0,1,2,3,299,10,5,4,2,599,'2008-07-25 10:30:40+00:00',jackrabbit-core/src/main/java/org/apache/jackrabbit/core/observation/eventconsumer.java,149,1,2,1
44144,0,4,14,22,176,10,5,2,1,599,'2008-07-25 10:30:40+00:00',jackrabbit-core/src/main/java/org/apache/jackrabbit/core/observation/filteredeventiterator.java,149,7,15,0
44163,0,42,0,43,41,13,3,1,0,604,'2008-07-30 13:57:10+00:00',jackrabbit-jcr-commons/src/test/java/org/apache/jackrabbit/name/testall.java,155,0,43,0
44168,0,44,0,45,41,13,3,3,1,604,'2008-07-30 13:57:10+00:00',jackrabbit-jcr-commons/src/test/java/org/apache/jackrabbit/util/testall.java,155,0,45,0
44173,0,40,0,41,41,13,3,1,0,571,'2008-07-30 13:57:10+00:00',jackrabbit-jcr-commons/src/test/java/org/apache/jackrabbit/value/testall.java,0,0,41,0
44180,0,0,2,2,731,16,3,14,10,506,'2008-07-30 16:04:47+00:00',jackrabbit-core/src/main/java/org/apache/jackrabbit/core/persistence/bundle/abstractbundlepersistencemanager.java,198,1,1,0
44186,0,0,2,2,1615,16,3,39,26,506,'2008-07-30 16:04:47+00:00',jackrabbit-core/src/main/java/org/apache/jackrabbit/core/persistence/bundle/bundledbpersistencemanager.java,198,1,1,0
44194,1,0,0,1,729,16,3,20,15,506,'2008-07-30 16:04:47+00:00',jackrabbit-core/src/main/java/org/apache/jackrabbit/core/persistence/bundle/util/bundlebinding.java,198,1,0,0
44203,1,0,0,2,215,16,3,7,5,506,'2008-07-30 16:04:47+00:00',jackrabbit-core/src/main/java/org/apache/jackrabbit/core/persistence/bundle/util/dbnameindex.java,198,2,0,0
44212,1,0,0,1,177,16,3,4,1,506,'2008-07-30 16:04:47+00:00',jackrabbit-core/src/main/java/org/apache/jackrabbit/core/persistence/bundle/util/hashmapindex.java,198,1,0,0
44221,1,0,0,1,462,16,3,14,7,506,'2008-07-30 16:04:47+00:00',jackrabbit-core/src/main/java/org/apache/jackrabbit/core/persistence/bundle/util/itemstatebinding.java,198,1,0,0
44229,1,0,0,1,65,16,3,3,1,506,'2008-07-30 16:04:47+00:00',jackrabbit-core/src/main/java/org/apache/jackrabbit/core/persistence/bundle/util/namespaceindex.java,198,1,0,0
44237,0,43,0,44,46,16,3,3,3,506,'2008-07-30 16:04:47+00:00',jackrabbit-core/src/main/java/org/apache/jackrabbit/core/persistence/bundle/util/stringindex.java,198,0,44,0
44243,42,0,0,43,46,16,3,0,0,0,'2008-07-30 16:04:47+00:00',jackrabbit-core/src/main/java/org/apache/jackrabbit/core/util/stringindex.java,0,43,0,1
44249,0,0,21,27,738,20,3,3,0,612,'2008-08-06 20:56:21+00:00',jackrabbit-jcr-commons/src/main/java/org/apache/jackrabbit/util/text.java,66,18,9,1
44263,39,1,50,99,465,12,1,10,7,502,'2008-08-11 12:08:35+00:00',jackrabbit-core/src/main/java/org/apache/jackrabbit/core/query/lucene/defaulthighlighter.java,635,66,33,0
44269,11,0,2,16,112,12,1,5,2,479,'2008-08-11 12:08:35+00:00',jackrabbit-core/src/main/java/org/apache/jackrabbit/core/query/lucene/indexingconfiguration.java,635,14,2,0
44275,35,0,19,58,937,12,1,12,9,479,'2008-08-11 12:08:35+00:00',jackrabbit-core/src/main/java/org/apache/jackrabbit/core/query/lucene/indexingconfigurationimpl.java,635,56,2,0
44282,52,0,36,95,822,12,1,24,20,617,'2008-08-11 12:08:35+00:00',jackrabbit-core/src/main/java/org/apache/jackrabbit/core/query/lucene/nodeindexer.java,635,89,6,1
44290,1,0,33,40,360,12,1,2,2,208,'2008-08-11 12:08:35+00:00',jackrabbit-core/src/main/java/org/apache/jackrabbit/core/query/lucene/weightedhighlighter.java,635,18,22,0
44304,27,0,0,29,96,12,1,2,2,23,'2008-08-11 12:08:35+00:00',jackrabbit-core/src/test/java/org/apache/jackrabbit/core/query/indexingruletest.java,635,29,0,0
44326,12,0,0,13,1321,16,2,28,22,639,'2008-09-02 16:16:05+00:00',jackrabbit-core/src/main/java/org/apache/jackrabbit/core/itemimpl.java,53,13,0,1
44333,0,10,0,11,779,16,2,17,13,639,'2008-09-02 16:16:05+00:00',jackrabbit-core/src/main/java/org/apache/jackrabbit/core/propertyimpl.java,0,0,11,0
44341,34,0,2,41,149,16,2,3,0,638,'2008-09-02 16:56:03+00:00',jackrabbit-jcr-rmi/src/main/java/org/apache/jackrabbit/rmi/server/jmx/jcrserver.java,100,39,2,0
44348,1,0,0,2,41,16,2,2,0,638,'2008-09-02 16:56:03+00:00',jackrabbit-jcr-rmi/src/main/java/org/apache/jackrabbit/rmi/server/jmx/jcrservermbean.java,0,2,0,1
44359,5,1,71,84,506,13,3,1,1,27,'2008-09-03 13:10:23+00:00',jackrabbit-core/src/main/java/org/apache/jackrabbit/core/state/childnodeentries.java,868,65,19,0
44366,351,0,0,352,365,13,3,0,0,0,'2008-09-03 13:10:23+00:00',jackrabbit-core/src/main/java/org/apache/jackrabbit/core/state/nameset.java,868,352,0,0
44370,0,27,53,95,945,13,3,15,9,640,'2008-09-03 13:10:23+00:00',jackrabbit-core/src/main/java/org/apache/jackrabbit/core/state/nodestate.java,868,12,83,0
44377,124,0,0,125,125,13,3,0,0,0,'2008-09-03 13:10:23+00:00',jackrabbit-core/src/main/java/org/apache/jackrabbit/core/util/emptylinkedmap.java,0,125,0,0
44382,0,0,5,7,0,8,2,12,8,652,'2008-09-16 08:35:07+00:00',jackrabbit-core/src/main/java/org/apache/jackrabbit/core/config/repositoryconfigurationparser.java,207,4,3,1
44391,14,0,0,15,0,8,2,3,2,652,'2008-09-16 08:35:07+00:00',jackrabbit-core/src/test/java/org/apache/jackrabbit/core/config/repositoryconfigtest.java,207,15,0,0
44406,0,0,8,10,0,15,3,3,0,653,'2008-09-17 15:22:37+00:00',jackrabbit-jcr-commons/src/main/java/org/apache/jackrabbit/uuid/uuid.java,0,4,6,0
44417,23,3,25,63,1957,13,4,24,19,655,'2008-09-18 13:47:04+00:00',jackrabbit-core/src/main/java/org/apache/jackrabbit/core/query/lucene/multiindex.java,0,44,19,1
44284,78,0,0,79,32,13,4,0,0,0,'2008-08-21 13:37:15+00:00',jackrabbit-text-extractors/src/main/java/org/apache/jackrabbit/extractor/msoutlooktextextractor.java,0,79,0,0
44291,0,8,0,9,80,22,5,2,0,628,'2008-08-22 22:31:38+00:00',jackrabbit-core/src/main/java/org/apache/jackrabbit/core/config/searchconfig.java,43,0,9,0
44299,0,0,2,2,79,22,5,2,1,628,'2008-08-22 22:31:38+00:00',jackrabbit-core/src/test/java/org/apache/jackrabbit/core/config/workspaceconfigtest.java,0,1,1,0
44323,9,0,91,109,270,19,4,4,2,241,'2008-08-28 19:06:36+00:00',jackrabbit-ocm/src/main/java/org/apache/jackrabbit/ocm/manager/collectionconverter/impl/defaultcollectionconverterimpl.java,262,91,18,1
44330,1,0,2,3,312,19,4,3,1,241,'2008-08-28 19:06:36+00:00',jackrabbit-ocm/src/main/java/org/apache/jackrabbit/ocm/manager/collectionconverter/impl/ntcollectionconverterimpl.java,262,2,1,0
44337,0,0,22,26,172,19,4,4,2,241,'2008-08-28 19:06:36+00:00',jackrabbit-ocm/src/test/java/org/apache/jackrabbit/ocm/manager/collectionconverter/annotationhashmaptest.java,0,17,9,0
44346,1,14,20,40,186,17,2,4,0,638,'2008-09-02 17:03:06+00:00',jackrabbit-jcr-rmi/src/main/java/org/apache/jackrabbit/rmi/server/jmx/jcrserver.java,106,15,25,0
44352,1,0,10,13,43,17,2,4,1,638,'2008-09-02 17:03:06+00:00',jackrabbit-jcr-rmi/src/main/java/org/apache/jackrabbit/rmi/server/jmx/jcrservermbean.java,0,12,1,0
44365,0,0,6,12,109,15,3,2,1,600,'2008-09-03 15:19:40+00:00',jackrabbit-webapp/src/main/java/org/apache/jackrabbit/j2ee/abstractconfig.java,361,6,6,0
44373,4,1,8,16,30,15,3,1,1,251,'2008-09-03 15:19:40+00:00',jackrabbit-webapp/src/main/java/org/apache/jackrabbit/j2ee/jcrapinotfoundexception.java,361,12,4,0
44381,0,0,8,14,197,15,3,2,0,640,'2008-09-03 15:19:40+00:00',jackrabbit-webapp/src/main/java/org/apache/jackrabbit/j2ee/loggingservlet.java,361,8,6,0
44389,0,0,21,29,349,15,3,4,2,640,'2008-09-03 15:19:40+00:00',jackrabbit-webapp/src/main/java/org/apache/jackrabbit/j2ee/repositoryaccessservlet.java,361,13,16,0
44397,0,0,25,38,729,15,3,8,5,640,'2008-09-03 15:19:40+00:00',jackrabbit-webapp/src/main/java/org/apache/jackrabbit/j2ee/repositorystartupservlet.java,361,20,18,0
44405,46,0,0,47,47,15,3,0,0,0,'2008-09-03 15:19:40+00:00',jackrabbit-webapp/src/main/java/org/apache/jackrabbit/j2ee/servletexceptionwithcause.java,0,47,0,0
44421,0,0,4,4,307,13,4,8,4,496,'2008-09-18 13:17:59+00:00',jackrabbit-core/src/main/java/org/apache/jackrabbit/core/query/lucene/abstractexcerpt.java,1337,2,2,0
44429,33,0,27,66,586,13,4,15,9,655,'2008-09-18 13:17:59+00:00',jackrabbit-core/src/main/java/org/apache/jackrabbit/core/query/lucene/abstractindex.java,1337,49,17,0
44437,0,1,21,25,271,13,4,5,0,287,'2008-09-18 13:17:59+00:00',jackrabbit-core/src/main/java/org/apache/jackrabbit/core/query/lucene/cachingmultiindexreader.java,1337,15,10,0
44446,0,8,0,9,77,13,4,2,1,655,'2008-09-18 13:17:59+00:00',jackrabbit-core/src/main/java/org/apache/jackrabbit/core/query/lucene/committableindexreader.java,1337,0,9,0
44454,0,1,6,7,391,13,4,5,1,655,'2008-09-18 13:17:59+00:00',jackrabbit-core/src/main/java/org/apache/jackrabbit/core/query/lucene/consistencycheck.java,1337,3,4,0
44460,0,0,8,9,140,13,4,6,3,655,'2008-09-18 13:17:59+00:00',jackrabbit-core/src/main/java/org/apache/jackrabbit/core/query/lucene/fieldnames.java,1337,4,5,0
44468,0,0,4,4,505,13,4,5,3,655,'2008-09-18 13:17:59+00:00',jackrabbit-core/src/main/java/org/apache/jackrabbit/core/query/lucene/indexmerger.java,1337,2,2,1
44477,215,0,0,216,348,13,4,0,0,0,'2008-09-18 13:17:59+00:00',jackrabbit-core/src/main/java/org/apache/jackrabbit/core/query/lucene/indexmigration.java,1337,216,0,1
44483,117,0,0,118,134,13,4,0,0,0,'2008-09-18 13:17:59+00:00',jackrabbit-core/src/main/java/org/apache/jackrabbit/core/query/lucene/jackrabbitindexreader.java,1337,118,0,0
44485,0,0,36,36,1957,13,4,23,18,655,'2008-09-18 13:17:59+00:00',jackrabbit-core/src/main/java/org/apache/jackrabbit/core/query/lucene/multiindex.java,1337,18,18,0
44493,0,1,2,3,57,13,4,3,3,551,'2008-09-18 13:17:59+00:00',jackrabbit-core/src/main/java/org/apache/jackrabbit/core/query/lucene/multiindexreader.java,1337,1,2,0
44500,0,1,2,3,889,13,4,26,22,655,'2008-09-18 13:17:59+00:00',jackrabbit-core/src/main/java/org/apache/jackrabbit/core/query/lucene/nodeindexer.java,1337,1,2,0
44510,2,1,0,5,190,13,4,6,5,655,'2008-09-18 13:17:59+00:00',jackrabbit-core/src/main/java/org/apache/jackrabbit/core/query/lucene/persistentindex.java,1337,3,2,1
44520,0,20,19,43,358,13,4,5,3,655,'2008-09-18 13:17:59+00:00',jackrabbit-core/src/main/java/org/apache/jackrabbit/core/query/lucene/readonlyindexreader.java,1337,3,40,0
44528,0,0,2,2,175,13,4,3,1,655,'2008-09-18 13:17:59+00:00',jackrabbit-core/src/main/java/org/apache/jackrabbit/core/query/lucene/recovery.java,1337,1,1,0
44533,70,0,0,71,83,13,4,0,0,0,'2008-09-18 13:17:59+00:00',jackrabbit-core/src/main/java/org/apache/jackrabbit/core/query/lucene/refcountingindexreader.java,1337,71,0,0
44538,34,0,0,35,35,13,4,0,0,0,'2008-09-18 13:17:59+00:00',jackrabbit-core/src/main/java/org/apache/jackrabbit/core/query/lucene/releaseableindexreader.java,1337,35,0,0
44542,9,0,14,26,1872,13,4,46,37,655,'2008-09-18 13:17:59+00:00',jackrabbit-core/src/main/java/org/apache/jackrabbit/core/query/lucene/searchindex.java,1337,18,8,0
44550,0,40,14,56,144,13,4,2,0,655,'2008-09-18 13:17:59+00:00',jackrabbit-core/src/main/java/org/apache/jackrabbit/core/query/lucene/sharedindexreader.java,1337,1,55,0
44557,17,0,0,18,111,13,4,5,5,609,'2008-09-18 13:17:59+00:00',jackrabbit-core/src/main/java/org/apache/jackrabbit/core/query/lucene/util.java,1337,18,0,0
44565,2,0,0,3,163,13,4,7,2,655,'2008-09-18 13:17:59+00:00',jackrabbit-core/src/main/java/org/apache/jackrabbit/core/query/lucene/volatileindex.java,1337,3,0,0
43972,29,0,0,30,30,12,3,0,0,0,'2008-07-16 12:02:08+00:00',jackrabbit-spi-commons/src/main/java/org/apache/jackrabbit/spi/commons/query/constantnameprovider.java,0,30,0,0
43975,47,0,0,48,0,12,3,0,0,0,'2008-07-16 12:38:30+00:00',jackrabbit-api/src/main/java/org/apache/jackrabbit/api/observation/localeventlistener.java,144,48,0,0
43980,1,0,2,3,298,12,3,3,1,591,'2008-07-16 12:38:30+00:00',jackrabbit-core/src/main/java/org/apache/jackrabbit/core/observation/eventconsumer.java,144,2,1,1
43988,4,0,14,22,168,12,3,1,0,591,'2008-07-16 12:38:30+00:00',jackrabbit-core/src/main/java/org/apache/jackrabbit/core/observation/filteredeventiterator.java,144,15,7,1
43979,0,0,2,3,0,15,3,15,10,238,'2008-07-16 15:38:02+00:00',jackrabbit-core/src/main/java/org/apache/jackrabbit/core/data/db/dbdatastore.java,0,2,1,1
43993,0,0,4,6,738,13,5,2,0,592,'2008-07-18 13:40:57+00:00',jackrabbit-jcr-commons/src/main/java/org/apache/jackrabbit/util/text.java,82,3,3,0
44001,39,0,0,41,65,13,5,3,0,592,'2008-07-18 13:40:57+00:00',jackrabbit-jcr-commons/src/test/java/org/apache/jackrabbit/util/texttest.java,0,41,0,1
44018,0,126,0,127,127,13,5,1,0,269,'2008-07-18 13:49:56+00:00',jackrabbit-jcr2spi/src/test/java/org/apache/jackrabbit/jcr2spi/defaultrepositorystub.java,1767,0,127,0
44023,0,87,0,88,88,13,5,2,1,269,'2008-07-18 13:49:56+00:00',jackrabbit-jcr2spi/src/test/java/org/apache/jackrabbit/jcr2spi/jcr2spi2jcrrepositorystub.java,1767,0,88,0
44029,0,117,0,118,118,13,5,1,0,269,'2008-07-18 13:49:56+00:00',jackrabbit-jcr2spi/src/test/java/org/apache/jackrabbit/jcr2spi/rmirepositorystub.java,1767,0,118,0
44035,0,266,0,267,267,13,5,2,1,269,'2008-07-18 13:49:56+00:00',jackrabbit-jcr2spi/src/test/java/org/apache/jackrabbit/jcr2spi/repositorysetup.java,1767,0,267,0
44041,0,31,0,32,32,13,5,1,0,129,'2008-07-18 13:49:56+00:00',jackrabbit-jcr2spi/src/test/java/org/apache/jackrabbit/test/jcrbenchmark.java,1767,0,32,0
44048,0,44,0,45,45,13,5,1,0,269,'2008-07-18 13:49:56+00:00',jackrabbit-jcr2spi/src/test/java/org/apache/jackrabbit/test/testall.java,1767,0,45,0
44013,1,0,18,24,215,15,5,2,1,593,'2008-07-18 15:24:37+00:00',jackrabbit-jcr-server/src/main/java/org/apache/jackrabbit/webdav/simple/resourcefactoryimpl.java,0,14,10,0
44031,2,0,19,27,56,16,5,1,1,455,'2008-07-18 16:01:59+00:00',jackrabbit-core/src/main/java/org/apache/jackrabbit/core/query/lucene/indexingconfigurationentityresolver.java,650,18,9,0
44043,88,3,43,142,806,16,5,9,6,455,'2008-07-18 16:01:59+00:00',jackrabbit-core/src/main/java/org/apache/jackrabbit/core/query/lucene/indexingconfigurationimpl.java,650,127,15,1
44062,45,0,0,46,51,16,5,0,0,0,'2008-07-18 16:01:59+00:00',jackrabbit-core/src/test/java/org/apache/jackrabbit/core/query/abstractindexingtest.java,650,46,0,1
44068,0,1,20,22,112,16,5,1,1,179,'2008-07-18 16:01:59+00:00',jackrabbit-core/src/test/java/org/apache/jackrabbit/core/query/indexingaggregatetest.java,650,1,21,0
44080,84,0,0,85,0,16,5,0,0,0,'2008-07-18 16:01:59+00:00',jackrabbit-core/src/test/java/org/apache/jackrabbit/core/query/indexingruletest.java,650,85,0,1
44085,1,0,0,1,63,16,5,11,8,593,'2008-07-18 16:01:59+00:00',jackrabbit-core/src/test/java/org/apache/jackrabbit/core/query/testall.java,650,1,0,0
44091,0,11,0,14,554,16,2,10,9,597,'2008-07-22 16:13:31+00:00',jackrabbit-core/src/main/java/org/apache/jackrabbit/core/namespaceregistryimpl.java,0,0,14,0
44102,0,0,6,8,1003,14,3,3,1,156,'2008-07-23 14:19:23+00:00',jackrabbit-spi-commons/src/main/java/org/apache/jackrabbit/spi/commons/query/sql/jcrsqlquerybuilder.java,0,6,2,0
43964,150,0,40,216,161,10,3,1,1,148,'2008-07-16 10:21:57+00:00',jackrabbit-spi-commons/src/main/java/org/apache/jackrabbit/spi/commons/query/queryconstants.java,443,208,8,0
43973,2,0,53,56,342,10,3,2,1,148,'2008-07-16 10:21:57+00:00',jackrabbit-spi-commons/src/main/java/org/apache/jackrabbit/spi/commons/query/querytreedump.java,0,9,47,0
43984,0,0,2,2,75,13,5,2,1,593,'2008-07-18 13:00:10+00:00',jackrabbit-jcr-server/src/main/java/org/apache/jackrabbit/webdav/simple/locatorfactoryimplex.java,80,1,1,0
43992,51,0,0,52,53,13,5,0,0,0,'2008-07-18 13:00:10+00:00',jackrabbit-jcr-server/src/test/java/org/apache/jackrabbit/webdav/simple/locatorfactoryimplextest.java,0,52,0,0
44011,102,0,0,103,104,13,5,0,0,0,'2008-07-18 13:43:23+00:00',jackrabbit-spi/src/test/java/org/apache/jackrabbit/spi/abstractspitest.java,616,103,0,1
44016,113,0,0,114,115,13,5,0,0,0,'2008-07-18 13:43:23+00:00',jackrabbit-spi/src/test/java/org/apache/jackrabbit/spi/helper.java,616,114,0,1
44021,150,0,0,151,150,13,5,0,0,0,'2008-07-18 13:43:23+00:00',jackrabbit-spi/src/test/java/org/apache/jackrabbit/spi/repositoryservicestub.java,616,151,0,0
44026,64,0,0,65,75,13,5,0,0,0,'2008-07-18 13:43:23+00:00',jackrabbit-spi/src/test/java/org/apache/jackrabbit/spi/repositoryservicetest.java,616,65,0,1
44033,48,0,0,49,52,13,5,0,0,0,'2008-07-18 13:43:23+00:00',jackrabbit-spi/src/test/java/org/apache/jackrabbit/spi/sessioninfotest.java,616,49,0,1
44038,34,0,0,35,36,13,5,0,0,0,'2008-07-18 13:43:23+00:00',jackrabbit-spi/src/test/java/org/apache/jackrabbit/spi/testall.java,0,35,0,0
44046,0,0,4,5,822,13,1,22,19,596,'2008-07-21 13:56:18+00:00',jackrabbit-core/src/main/java/org/apache/jackrabbit/core/query/lucene/nodeindexer.java,0,2,3,0
44059,0,0,4,4,64,6,2,1,1,3,'2008-07-22 06:54:19+00:00',jackrabbit-spi/src/test/java/org/apache/jackrabbit/spi/repositoryservicetest.java,0,2,2,0
44073,61,0,0,62,62,11,2,0,0,0,'2008-07-22 11:29:38+00:00',jackrabbit-spi-commons/src/main/java/org/apache/jackrabbit/spi/commons/name/hashcache.java,119,62,0,1
44079,7,1,2,13,223,11,2,3,0,217,'2008-07-22 11:29:38+00:00',jackrabbit-spi-commons/src/main/java/org/apache/jackrabbit/spi/commons/name/namefactoryimpl.java,0,10,3,0
44093,0,4,19,26,1003,10,3,2,1,155,'2008-07-23 10:06:12+00:00',jackrabbit-spi-commons/src/main/java/org/apache/jackrabbit/spi/commons/query/sql/jcrsqlquerybuilder.java,0,13,13,0
44105,0,0,2,2,266,8,4,6,2,598,'2008-07-24 08:24:01+00:00',jackrabbit-jcr-tests/src/main/java/org/apache/jackrabbit/test/api/nodeaddmixintest.java,47,1,1,0
44114,0,0,2,2,243,8,4,1,0,598,'2008-07-24 08:24:01+00:00',jackrabbit-jcr-tests/src/main/java/org/apache/jackrabbit/test/api/noderemovemixintest.java,47,1,1,0
44125,0,0,2,2,802,8,4,8,3,598,'2008-07-24 08:24:01+00:00',jackrabbit-jcr-tests/src/main/java/org/apache/jackrabbit/test/api/lock/locktest.java,0,1,1,0
44138,1,1,0,2,413,14,5,3,1,600,'2008-07-25 14:17:09+00:00',jackrabbit-jca/src/main/java/org/apache/jackrabbit/jca/jcamanagedconnection.java,38,1,1,0
44147,1,1,0,2,317,14,5,6,3,600,'2008-07-25 14:17:09+00:00',jackrabbit-jca/src/main/java/org/apache/jackrabbit/jca/jcamanagedconnectionfactory.java,0,1,1,0
44167,277,0,0,278,313,14,3,0,0,0,'2008-07-30 14:06:00+00:00',jackrabbit-core/src/test/java/org/apache/jackrabbit/core/integration/gqltest.java,414,278,0,1
44171,53,0,2,61,196,14,3,5,3,605,'2008-07-30 14:06:00+00:00',jackrabbit-core/src/test/java/org/apache/jackrabbit/core/query/abstractquerytest.java,0,59,2,0
44183,2,0,23,32,475,16,3,12,9,605,'2008-07-30 16:54:21+00:00',jackrabbit-core/src/main/java/org/apache/jackrabbit/core/namespaceregistryimpl.java,432,18,14,1
44192,0,1,2,3,731,16,3,15,11,506,'2008-07-30 16:54:21+00:00',jackrabbit-core/src/main/java/org/apache/jackrabbit/core/persistence/bundle/abstractbundlepersistencemanager.java,432,1,2,0
44199,2,5,75,101,217,16,3,8,5,506,'2008-07-30 16:54:21+00:00',jackrabbit-core/src/main/java/org/apache/jackrabbit/core/persistence/bundle/util/dbnameindex.java,432,52,49,0
44208,1,3,4,12,73,16,3,5,3,506,'2008-07-30 16:54:21+00:00',jackrabbit-core/src/main/java/org/apache/jackrabbit/core/persistence/bundle/util/ngkdbnameindex.java,432,5,7,0
44217,0,65,0,66,66,16,3,4,1,506,'2008-07-30 16:54:21+00:00',jackrabbit-core/src/main/java/org/apache/jackrabbit/core/persistence/bundle/util/namespaceindex.java,432,0,66,0
44223,0,0,11,14,91,16,3,3,3,596,'2008-07-30 16:54:21+00:00',jackrabbit-core/src/main/java/org/apache/jackrabbit/core/query/lucene/nsregistrybasednamespacemappings.java,432,10,4,0
44231,1,0,11,17,43,16,3,1,1,0,'2008-07-30 16:54:21+00:00',jackrabbit-core/src/main/java/org/apache/jackrabbit/core/util/stringindex.java,0,10,7,0
44242,0,0,17,22,92,13,3,1,0,0,'2008-08-06 13:55:53+00:00',jackrabbit-core/src/main/java/org/apache/jackrabbit/core/state/childnodeentry.java,0,12,10,0
44252,0,0,4,4,568,15,5,10,4,614,'2008-08-08 15:30:52+00:00',jackrabbit-core/src/main/java/org/apache/jackrabbit/core/observation/eventstatecollection.java,0,2,2,0
44264,0,0,2,3,0,18,3,16,11,266,'2008-08-13 18:04:44+00:00',jackrabbit-core/src/main/java/org/apache/jackrabbit/core/data/db/dbdatastore.java,0,2,1,0
44277,0,0,4,4,843,13,3,11,7,303,'2008-08-20 13:21:40+00:00',jackrabbit-jcr2spi/src/main/java/org/apache/jackrabbit/jcr2spi/sessionimpl.java,65,2,2,0
44283,1,0,0,2,37,13,3,3,1,303,'2008-08-20 13:21:40+00:00',jackrabbit-jcr2spi/src/main/java/org/apache/jackrabbit/jcr2spi/config/repositoryconfig.java,65,2,0,0
44292,4,0,0,6,37,13,3,3,2,302,'2008-08-20 13:21:40+00:00',jackrabbit-jcr2spi/src/test/java/org/apache/jackrabbit/jcr2spi/abstractrepositoryconfig.java,0,6,0,0
44380,35,0,0,36,0,15,3,0,0,0,'2008-08-27 15:12:04+00:00',jackrabbit-api/src/main/java/org/apache/jackrabbit/api/jsr283/guestcredentials.java,19257,36,0,0
44383,51,0,0,52,52,15,3,0,0,0,'2008-08-27 15:12:04+00:00',jackrabbit-api/src/main/java/org/apache/jackrabbit/api/jsr283/retention/hold.java,19257,52,0,0
44387,275,0,0,276,0,15,3,0,0,0,'2008-08-27 15:12:04+00:00',jackrabbit-api/src/main/java/org/apache/jackrabbit/api/jsr283/retention/retentionmanager.java,19257,276,0,0
44392,38,0,0,39,43,15,3,0,0,0,'2008-08-27 15:12:04+00:00',jackrabbit-api/src/main/java/org/apache/jackrabbit/api/jsr283/retention/retentionpolicy.java,19257,39,0,0
44396,1,0,0,1,39,15,3,1,0,99,'2008-08-27 15:12:04+00:00',jackrabbit-api/src/main/java/org/apache/jackrabbit/api/jsr283/security/accesscontrolentry.java,19257,1,0,0
44404,103,0,0,104,0,15,3,0,0,0,'2008-08-27 15:12:04+00:00',jackrabbit-api/src/main/java/org/apache/jackrabbit/api/jsr283/security/accesscontrollist.java,19257,104,0,0
44409,15,537,46,610,867,15,3,1,0,99,'2008-08-27 15:12:04+00:00',jackrabbit-api/src/main/java/org/apache/jackrabbit/api/jsr283/security/accesscontrolmanager.java,19257,41,569,0
44413,0,16,8,28,46,15,3,1,0,99,'2008-08-27 15:12:04+00:00',jackrabbit-api/src/main/java/org/apache/jackrabbit/api/jsr283/security/accesscontrolpolicy.java,19257,6,22,0
44420,0,51,0,52,52,15,3,1,0,99,'2008-08-27 15:12:04+00:00',jackrabbit-api/src/main/java/org/apache/jackrabbit/api/jsr283/security/hold.java,19257,0,52,0
44425,38,0,0,39,0,15,3,0,0,0,'2008-08-27 15:12:04+00:00',jackrabbit-api/src/main/java/org/apache/jackrabbit/api/jsr283/security/namedaccesscontrolpolicy.java,19257,39,0,0
44428,0,6,69,83,147,15,3,1,0,99,'2008-08-27 15:12:04+00:00',jackrabbit-api/src/main/java/org/apache/jackrabbit/api/jsr283/security/privilege.java,19257,48,35,0
44436,0,42,0,43,43,15,3,1,0,99,'2008-08-27 15:12:04+00:00',jackrabbit-api/src/main/java/org/apache/jackrabbit/api/jsr283/security/retentionpolicy.java,19257,0,43,0
44444,0,2,0,3,158,15,3,1,1,161,'2008-08-27 15:12:04+00:00',jackrabbit-api/src/main/java/org/apache/jackrabbit/api/security/principal/principalmanager.java,19257,0,3,0
44450,0,0,4,5,74,15,3,1,1,161,'2008-08-27 15:12:04+00:00',jackrabbit-api/src/main/java/org/apache/jackrabbit/api/security/user/impersonation.java,19257,1,4,0
44457,0,0,2,2,54,15,3,4,1,161,'2008-08-27 15:12:04+00:00',jackrabbit-api/src/main/java/org/apache/jackrabbit/api/security/user/user.java,19257,1,1,0
44463,17,0,21,40,127,15,3,2,1,161,'2008-08-27 15:12:04+00:00',jackrabbit-api/src/main/java/org/apache/jackrabbit/api/security/user/usermanager.java,19257,39,1,0
44472,0,1,0,2,80,15,3,2,2,161,'2008-08-27 15:12:04+00:00',jackrabbit-core/src/main/java/org/apache/jackrabbit/commons/iterator/accesscontrolpolicyiteratoradapter.java,19257,0,2,0
44481,6,2,6,17,512,15,3,6,5,161,'2008-08-27 15:12:04+00:00',jackrabbit-core/src/main/java/org/apache/jackrabbit/core/defaultsecuritymanager.java,19257,12,5,0
44488,0,1,4,6,1144,15,3,25,19,633,'2008-08-27 15:12:04+00:00',jackrabbit-core/src/main/java/org/apache/jackrabbit/core/itemmanager.java,19257,2,4,0
44497,0,1,0,1,780,15,3,16,13,633,'2008-08-27 15:12:04+00:00',jackrabbit-core/src/main/java/org/apache/jackrabbit/core/propertyimpl.java,19257,0,1,0
44505,7,7,8,30,120,15,3,3,3,161,'2008-08-27 15:12:04+00:00',jackrabbit-core/src/main/java/org/apache/jackrabbit/core/securityitemmodifier.java,19257,13,17,1
44513,17,0,2,21,1626,15,3,36,27,633,'2008-08-27 15:12:04+00:00',jackrabbit-core/src/main/java/org/apache/jackrabbit/core/sessionimpl.java,19257,20,1,1
44522,72,0,3,78,196,15,3,6,4,633,'2008-08-27 15:12:04+00:00',jackrabbit-core/src/main/java/org/apache/jackrabbit/core/systemsession.java,19257,77,1,1
44530,3,0,8,14,68,15,3,2,1,633,'2008-08-27 15:12:04+00:00',jackrabbit-core/src/main/java/org/apache/jackrabbit/core/config/loginmoduleconfig.java,19257,8,6,0
44535,83,0,0,84,207,15,3,0,0,0,'2008-08-27 15:12:04+00:00',jackrabbit-core/src/main/java/org/apache/jackrabbit/core/retention/retentionmanagerimpl.java,19257,84,0,1
44540,6,15,87,117,228,15,3,4,4,161,'2008-08-27 15:12:04+00:00',jackrabbit-core/src/main/java/org/apache/jackrabbit/core/security/abstractaccesscontrolmanager.java,19257,29,88,0
44548,0,2,7,11,40,15,3,2,1,633,'2008-08-27 15:12:04+00:00',jackrabbit-core/src/main/java/org/apache/jackrabbit/core/security/credentialscallbackhandler.java,19257,1,10,0
44556,32,105,73,228,582,15,3,7,7,161,'2008-08-27 15:12:04+00:00',jackrabbit-core/src/main/java/org/apache/jackrabbit/core/security/defaultaccessmanager.java,19257,67,161,1
44564,0,1,29,34,66,15,3,2,2,146,'2008-08-27 15:12:04+00:00',jackrabbit-core/src/main/java/org/apache/jackrabbit/core/security/jackrabbitaccesscontrolmanager.java,19257,8,26,0
44569,11,24,153,228,703,15,3,3,2,161,'2008-08-27 15:12:04+00:00',jackrabbit-core/src/main/java/org/apache/jackrabbit/core/security/authentication/abstractloginmodule.java,19257,111,117,0
44578,0,0,11,14,166,15,3,2,1,161,'2008-08-27 15:12:04+00:00',jackrabbit-core/src/main/java/org/apache/jackrabbit/core/security/authentication/authcontextprovider.java,19257,9,5,0
44583,3,0,7,15,114,15,3,1,1,161,'2008-08-27 15:12:04+00:00',jackrabbit-core/src/main/java/org/apache/jackrabbit/core/security/authentication/callbackhandlerimpl.java,19257,12,3,0
44586,3,0,39,47,114,15,3,1,1,161,'2008-08-27 15:12:04+00:00',jackrabbit-core/src/main/java/org/apache/jackrabbit/core/security/authentication/defaultloginmodule.java,19257,38,9,0
44591,16,0,0,18,48,15,3,1,1,161,'2008-08-27 15:12:04+00:00',jackrabbit-core/src/main/java/org/apache/jackrabbit/core/security/authentication/repositorycallback.java,19257,18,0,0
44595,21,45,63,140,231,15,3,4,4,161,'2008-08-27 15:12:04+00:00',jackrabbit-core/src/main/java/org/apache/jackrabbit/core/security/authorization/abstractaccesscontrolprovider.java,19257,43,97,1
44602,3,2,63,73,122,15,3,3,2,161,'2008-08-27 15:12:04+00:00',jackrabbit-core/src/main/java/org/apache/jackrabbit/core/security/authorization/abstractcompiledpermissions.java,19257,59,14,0
44608,0,142,0,143,142,15,3,2,1,146,'2008-08-27 15:12:04+00:00',jackrabbit-core/src/main/java/org/apache/jackrabbit/core/security/authorization/abstractpolicyentry.java,19257,0,143,0
44612,0,11,4,16,91,15,3,2,2,161,'2008-08-27 15:12:04+00:00',jackrabbit-core/src/main/java/org/apache/jackrabbit/core/security/authorization/accesscontrolconstants.java,19257,2,14,0
44620,0,2,121,140,189,15,3,4,4,161,'2008-08-27 15:12:04+00:00',jackrabbit-core/src/main/java/org/apache/jackrabbit/core/security/authorization/accesscontroleditor.java,19257,35,105,0
44629,216,0,0,217,218,15,3,0,0,0,'2008-08-27 15:12:04+00:00',jackrabbit-core/src/main/java/org/apache/jackrabbit/core/security/authorization/accesscontrolentryimpl.java,19257,217,0,1
44634,87,0,0,88,87,15,3,0,0,0,'2008-08-27 15:12:04+00:00',jackrabbit-core/src/main/java/org/apache/jackrabbit/core/security/authorization/accesscontrolentryiterator.java,19257,88,0,0
44638,1,1,30,33,136,15,3,3,3,161,'2008-08-27 15:12:04+00:00',jackrabbit-core/src/main/java/org/apache/jackrabbit/core/security/authorization/accesscontrolprovider.java,19257,9,24,0
44647,71,0,0,72,75,15,3,0,0,0,'2008-08-27 15:12:04+00:00',jackrabbit-core/src/main/java/org/apache/jackrabbit/core/security/authorization/accesscontrolutils.java,19257,72,0,0
44653,57,0,0,58,52,15,3,0,0,0,'2008-08-27 15:12:04+00:00',jackrabbit-core/src/main/java/org/apache/jackrabbit/core/security/authorization/jackrabbitaccesscontrolentry.java,19257,58,0,1
44656,100,0,0,101,0,15,3,0,0,0,'2008-08-27 15:12:04+00:00',jackrabbit-core/src/main/java/org/apache/jackrabbit/core/security/authorization/jackrabbitaccesscontrollist.java,19257,101,0,0
44662,41,0,0,42,41,15,3,0,0,0,'2008-08-27 15:12:04+00:00',jackrabbit-core/src/main/java/org/apache/jackrabbit/core/security/authorization/namedaccesscontrolpolicyimpl.java,19257,42,0,0
44667,0,1,28,35,98,15,3,1,1,161,'2008-08-27 15:12:04+00:00',jackrabbit-core/src/main/java/org/apache/jackrabbit/core/security/authorization/permission.java,19257,27,8,1
44676,0,44,0,45,45,15,3,3,3,161,'2008-08-27 15:12:04+00:00',jackrabbit-core/src/main/java/org/apache/jackrabbit/core/security/authorization/policyentry.java,19257,0,45,0
44679,0,91,0,92,92,15,3,3,1,161,'2008-08-27 15:12:04+00:00',jackrabbit-core/src/main/java/org/apache/jackrabbit/core/security/authorization/policytemplate.java,19257,0,92,0
44683,16,33,343,466,435,15,3,2,2,161,'2008-08-27 15:12:04+00:00',jackrabbit-core/src/main/java/org/apache/jackrabbit/core/security/authorization/privilegeregistry.java,19257,209,257,1
44692,81,0,0,82,224,15,3,0,0,0,'2008-08-27 15:12:04+00:00',jackrabbit-core/src/main/java/org/apache/jackrabbit/core/security/authorization/unmodifiableaccesscontrollist.java,19257,82,0,0
44696,0,0,2,4,56,15,3,1,1,161,'2008-08-27 15:12:04+00:00',jackrabbit-core/src/main/java/org/apache/jackrabbit/core/security/authorization/workspaceaccessmanager.java,19257,2,2,0
44704,0,38,0,39,39,15,3,2,1,161,'2008-08-27 15:12:04+00:00',jackrabbit-core/src/main/java/org/apache/jackrabbit/core/security/authorization/acl/aceimpl.java,19257,0,39,0
44710,31,71,78,200,384,15,3,3,3,161,'2008-08-27 15:12:04+00:00',jackrabbit-core/src/main/java/org/apache/jackrabbit/core/security/authorization/acl/acleditor.java,19257,82,118,1
44717,0,298,0,299,299,15,3,2,1,161,'2008-08-27 15:12:04+00:00',jackrabbit-core/src/main/java/org/apache/jackrabbit/core/security/authorization/acl/aclimpl.java,19257,0,299,0
44722,60,52,374,550,444,15,3,6,6,161,'2008-08-27 15:12:04+00:00',jackrabbit-core/src/main/java/org/apache/jackrabbit/core/security/authorization/acl/aclprovider.java,19257,255,295,1
44730,17,8,319,395,316,15,3,5,5,161,'2008-08-27 15:12:04+00:00',jackrabbit-core/src/main/java/org/apache/jackrabbit/core/security/authorization/acl/acltemplate.java,19257,210,185,1
44738,0,55,0,56,55,15,3,2,1,161,'2008-08-27 15:12:04+00:00',jackrabbit-core/src/main/java/org/apache/jackrabbit/core/security/authorization/acl/defaultacl.java,19257,0,56,0
44743,4,65,275,372,378,15,3,3,3,161,'2008-08-27 15:12:04+00:00',jackrabbit-core/src/main/java/org/apache/jackrabbit/core/security/authorization/combined/combinededitor.java,19257,63,309,0
44750,4,12,380,440,451,15,3,6,6,161,'2008-08-27 15:12:04+00:00',jackrabbit-core/src/main/java/org/apache/jackrabbit/core/security/authorization/combined/combinedprovider.java,19257,114,326,0
44756,0,123,0,124,123,15,3,1,1,146,'2008-08-27 15:12:04+00:00',jackrabbit-core/src/main/java/org/apache/jackrabbit/core/security/authorization/combined/globpattern.java,19257,0,124,0
44758,0,113,0,114,113,15,3,2,1,161,'2008-08-27 15:12:04+00:00',jackrabbit-core/src/main/java/org/apache/jackrabbit/core/security/authorization/combined/policyentryimpl.java,19257,0,114,0
44763,0,151,0,152,151,15,3,5,2,161,'2008-08-27 15:12:04+00:00',jackrabbit-core/src/main/java/org/apache/jackrabbit/core/security/authorization/combined/policytemplateimpl.java,19257,0,152,0
44766,368,0,0,369,384,15,3,0,0,0,'2008-08-27 15:12:04+00:00',jackrabbit-core/src/main/java/org/apache/jackrabbit/core/security/authorization/principalbased/acleditor.java,19257,369,0,1
44771,440,0,0,441,444,15,3,0,0,0,'2008-08-27 15:12:04+00:00',jackrabbit-core/src/main/java/org/apache/jackrabbit/core/security/authorization/principalbased/aclprovider.java,19257,441,0,1
44776,316,0,0,317,316,15,3,0,0,0,'2008-08-27 15:12:04+00:00',jackrabbit-core/src/main/java/org/apache/jackrabbit/core/security/authorization/principalbased/acltemplate.java,19257,317,0,1
44782,126,0,0,127,123,15,3,0,0,0,'2008-08-27 15:12:04+00:00',jackrabbit-core/src/main/java/org/apache/jackrabbit/core/security/authorization/principalbased/globpattern.java,19257,127,0,0
44787,6,6,2,16,129,15,3,1,1,161,'2008-08-27 15:12:04+00:00',jackrabbit-core/src/main/java/org/apache/jackrabbit/core/security/principal/abstractprincipalprovider.java,19257,8,8,0
44797,0,0,2,2,46,15,3,1,1,161,'2008-08-27 15:12:04+00:00',jackrabbit-core/src/main/java/org/apache/jackrabbit/core/security/principal/adminprincipal.java,19257,1,1,0
44804,3,4,38,51,367,15,3,4,2,161,'2008-08-27 15:12:04+00:00',jackrabbit-core/src/main/java/org/apache/jackrabbit/core/security/principal/defaultprincipalprovider.java,19257,27,24,0
44811,0,1,0,1,340,15,3,1,1,161,'2008-08-27 15:12:04+00:00',jackrabbit-core/src/main/java/org/apache/jackrabbit/core/security/principal/principalmanagerimpl.java,19257,0,1,0
44819,0,8,0,9,136,15,3,1,1,161,'2008-08-27 15:12:04+00:00',jackrabbit-core/src/main/java/org/apache/jackrabbit/core/security/principal/principalprovider.java,19257,0,9,0
44826,20,4,49,79,305,15,3,5,4,161,'2008-08-27 15:12:04+00:00',jackrabbit-core/src/main/java/org/apache/jackrabbit/core/security/simple/simpleaccessmanager.java,19257,31,48,1
44836,23,0,0,24,66,15,3,2,2,161,'2008-08-27 15:12:04+00:00',jackrabbit-core/src/main/java/org/apache/jackrabbit/core/security/simple/simpleloginmodule.java,19257,24,0,0
44843,14,5,6,30,348,15,3,3,3,161,'2008-08-27 15:12:04+00:00',jackrabbit-core/src/main/java/org/apache/jackrabbit/core/security/simple/simplesecuritymanager.java,19257,21,9,0
44853,0,0,8,8,353,15,3,2,2,161,'2008-08-27 15:12:04+00:00',jackrabbit-core/src/main/java/org/apache/jackrabbit/core/security/user/groupimpl.java,19257,4,4,0
44860,0,1,0,1,209,15,3,2,2,161,'2008-08-27 15:12:04+00:00',jackrabbit-core/src/main/java/org/apache/jackrabbit/core/security/user/impersonationimpl.java,19257,0,1,0
44869,1,2,25,30,144,15,3,5,2,161,'2008-08-27 15:12:04+00:00',jackrabbit-core/src/main/java/org/apache/jackrabbit/core/security/user/indexnoderesolver.java,19257,17,13,0
44878,2,3,32,42,248,15,3,4,3,161,'2008-08-27 15:12:04+00:00',jackrabbit-core/src/main/java/org/apache/jackrabbit/core/security/user/traversingnoderesolver.java,19257,23,19,0
44885,29,36,40,122,507,15,3,6,6,161,'2008-08-27 15:12:04+00:00',jackrabbit-core/src/main/java/org/apache/jackrabbit/core/security/user/useraccesscontrolprovider.java,19257,63,59,1
44893,15,0,2,18,155,15,3,4,3,161,'2008-08-27 15:12:04+00:00',jackrabbit-core/src/main/java/org/apache/jackrabbit/core/security/user/userimpl.java,19257,17,1,0
44900,31,38,125,210,512,15,3,5,5,161,'2008-08-27 15:12:04+00:00',jackrabbit-core/src/main/java/org/apache/jackrabbit/core/security/user/usermanagerimpl.java,19257,136,74,0
44915,55,0,0,56,59,15,3,0,0,0,'2008-08-27 15:12:04+00:00',jackrabbit-core/src/test/java/org/apache/jackrabbit/api/jsr283/retention/abstractretentiontest.java,19257,56,0,1
44919,13,14,6,35,106,15,3,1,1,99,'2008-08-27 15:12:04+00:00',jackrabbit-core/src/test/java/org/apache/jackrabbit/api/jsr283/security/abstractaccesscontroltest.java,19257,17,18,0
44926,47,9,65,137,185,15,3,1,1,99,'2008-08-27 15:12:04+00:00',jackrabbit-core/src/test/java/org/apache/jackrabbit/api/jsr283/security/accesscontroldiscoverytest.java,19257,113,24,1
44935,0,375,0,376,375,15,3,1,0,99,'2008-08-27 15:12:04+00:00',jackrabbit-core/src/test/java/org/apache/jackrabbit/api/jsr283/security/accesscontrolentrytest.java,19257,0,376,0
44939,495,0,0,496,524,15,3,0,0,0,'2008-08-27 15:12:04+00:00',jackrabbit-core/src/test/java/org/apache/jackrabbit/api/jsr283/security/accesscontrollisttest.java,19257,496,0,1
44944,0,0,2,2,114,15,3,1,1,99,'2008-08-27 15:12:04+00:00',jackrabbit-core/src/test/java/org/apache/jackrabbit/api/jsr283/security/accesscontrolpolicyiteratortest.java,19257,1,1,0
44953,4,1,140,175,414,15,3,1,1,99,'2008-08-27 15:12:04+00:00',jackrabbit-core/src/test/java/org/apache/jackrabbit/api/jsr283/security/accesscontrolpolicytest.java,19257,87,88,0
44961,1,10,11,25,89,15,3,1,1,99,'2008-08-27 15:12:04+00:00',jackrabbit-core/src/test/java/org/apache/jackrabbit/api/jsr283/security/rsessionaccesscontroldiscoverytest.java,19257,6,19,0
44968,0,87,0,88,88,15,3,1,0,99,'2008-08-27 15:12:04+00:00',jackrabbit-core/src/test/java/org/apache/jackrabbit/api/jsr283/security/rsessionaccesscontrolentrytest.java,19257,0,88,0
44972,0,8,6,15,129,15,3,1,1,99,'2008-08-27 15:12:04+00:00',jackrabbit-core/src/test/java/org/apache/jackrabbit/api/jsr283/security/rsessionaccesscontrolpolicytest.java,19257,3,12,0
44980,0,1,2,3,47,15,3,1,1,99,'2008-08-27 15:12:04+00:00',jackrabbit-core/src/test/java/org/apache/jackrabbit/api/jsr283/security/testall.java,19257,1,2,0
44988,1,4,4,11,313,15,3,1,1,161,'2008-08-27 15:12:04+00:00',jackrabbit-core/src/test/java/org/apache/jackrabbit/api/security/principal/principalmanagertest.java,19257,3,8,0
44995,0,2,19,27,145,15,3,4,3,161,'2008-08-27 15:12:04+00:00',jackrabbit-core/src/test/java/org/apache/jackrabbit/api/security/user/abstractusertest.java,19257,6,21,0
45000,0,1,3,6,60,15,3,1,1,161,'2008-08-27 15:12:04+00:00',jackrabbit-core/src/test/java/org/apache/jackrabbit/api/security/user/usermanagertest.java,19257,1,5,0
45008,176,0,0,177,215,15,3,0,0,0,'2008-08-27 15:12:04+00:00',jackrabbit-core/src/test/java/org/apache/jackrabbit/core/config/securityconfigtest.java,19257,177,0,0
45012,0,22,0,23,268,15,3,4,2,161,'2008-08-27 15:12:04+00:00',jackrabbit-core/src/test/java/org/apache/jackrabbit/core/security/accessmanagertest.java,19257,0,23,0
45019,0,0,2,2,47,15,3,1,1,161,'2008-08-27 15:12:04+00:00',jackrabbit-core/src/test/java/org/apache/jackrabbit/core/security/testall.java,19257,1,1,0
45029,49,0,0,50,49,15,3,0,0,0,'2008-08-27 15:12:04+00:00',jackrabbit-core/src/test/java/org/apache/jackrabbit/core/security/authentication/guestlogintest.java,19257,50,0,0
45033,42,0,0,43,38,15,3,0,0,0,'2008-08-27 15:12:04+00:00',jackrabbit-core/src/test/java/org/apache/jackrabbit/core/security/authentication/nulllogintest.java,19257,43,0,0
45037,37,0,0,38,47,15,3,0,0,0,'2008-08-27 15:12:04+00:00',jackrabbit-core/src/test/java/org/apache/jackrabbit/core/security/authentication/testall.java,19257,38,0,0
45043,259,0,0,260,261,15,3,0,0,0,'2008-08-27 15:12:04+00:00',jackrabbit-core/src/test/java/org/apache/jackrabbit/core/security/authorization/abstractacltemplatetest.java,19257,260,0,1
45047,233,0,0,234,235,15,3,0,0,0,'2008-08-27 15:12:04+00:00',jackrabbit-core/src/test/java/org/apache/jackrabbit/core/security/authorization/abstractentrytest.java,19257,234,0,1
45052,46,9,461,567,590,15,3,5,5,131,'2008-08-27 15:12:04+00:00',jackrabbit-core/src/test/java/org/apache/jackrabbit/core/security/authorization/abstractevaluationtest.java,19257,446,121,1
45059,0,157,0,158,157,15,3,2,1,146,'2008-08-27 15:12:04+00:00',jackrabbit-core/src/test/java/org/apache/jackrabbit/core/security/authorization/abstractpolicyentrytest.java,19257,0,158,0
45063,0,183,0,184,183,15,3,4,2,146,'2008-08-27 15:12:04+00:00',jackrabbit-core/src/test/java/org/apache/jackrabbit/core/security/authorization/abstractpolicytemplatetest.java,19257,0,184,0
45068,0,30,0,31,30,15,3,1,1,161,'2008-08-27 15:12:04+00:00',jackrabbit-core/src/test/java/org/apache/jackrabbit/core/security/authorization/entrytemplatetest.java,19257,0,31,0
45073,190,0,0,191,190,15,3,0,0,0,'2008-08-27 15:12:04+00:00',jackrabbit-core/src/test/java/org/apache/jackrabbit/core/security/authorization/jackrabbitaccesscontrollisttest.java,19257,191,0,1
45075,0,191,0,192,191,15,3,2,1,161,'2008-08-27 15:12:04+00:00',jackrabbit-core/src/test/java/org/apache/jackrabbit/core/security/authorization/policytemplatetest.java,19257,0,192,0
45079,6,15,130,179,210,15,3,2,2,161,'2008-08-27 15:12:04+00:00',jackrabbit-core/src/test/java/org/apache/jackrabbit/core/security/authorization/privilegeregistrytest.java,19257,110,69,1
45085,0,0,4,4,47,15,3,3,1,161,'2008-08-27 15:12:04+00:00',jackrabbit-core/src/test/java/org/apache/jackrabbit/core/security/authorization/testall.java,19257,2,2,0
45094,0,35,0,36,35,15,3,2,1,161,'2008-08-27 15:12:04+00:00',jackrabbit-core/src/test/java/org/apache/jackrabbit/core/security/authorization/acl/aceimpltest.java,19257,0,36,0
45098,0,146,0,147,146,15,3,2,1,161,'2008-08-27 15:12:04+00:00',jackrabbit-core/src/test/java/org/apache/jackrabbit/core/security/authorization/acl/aclimpltest.java,19257,0,147,0
45102,15,1,169,215,68,15,3,5,5,161,'2008-08-27 15:12:04+00:00',jackrabbit-core/src/test/java/org/apache/jackrabbit/core/security/authorization/acl/acltemplatetest.java,19257,104,111,1
45108,34,0,0,35,210,15,3,0,0,0,'2008-08-27 15:12:04+00:00',jackrabbit-core/src/test/java/org/apache/jackrabbit/core/security/authorization/acl/entrytest.java,19257,35,0,0
45112,27,8,44,99,92,15,3,4,3,161,'2008-08-27 15:12:04+00:00',jackrabbit-core/src/test/java/org/apache/jackrabbit/core/security/authorization/acl/evaluationtest.java,19257,60,39,1
45119,0,0,2,3,47,15,3,1,1,161,'2008-08-27 15:12:04+00:00',jackrabbit-core/src/test/java/org/apache/jackrabbit/core/security/authorization/acl/testall.java,19257,1,2,0
45127,6,0,161,180,92,15,3,2,2,131,'2008-08-27 15:12:04+00:00',jackrabbit-core/src/test/java/org/apache/jackrabbit/core/security/authorization/combined/evaluationtest.java,19257,140,40,1
45132,0,36,0,37,36,15,3,1,1,146,'2008-08-27 15:12:04+00:00',jackrabbit-core/src/test/java/org/apache/jackrabbit/core/security/authorization/combined/globpatterntest.java,19257,0,37,0
45135,0,111,0,112,111,15,3,2,1,146,'2008-08-27 15:12:04+00:00',jackrabbit-core/src/test/java/org/apache/jackrabbit/core/security/authorization/combined/policyentryimpltest.java,19257,0,112,0
45138,0,46,0,47,46,15,3,1,1,146,'2008-08-27 15:12:04+00:00',jackrabbit-core/src/test/java/org/apache/jackrabbit/core/security/authorization/combined/policytemplateimpltest.java,19257,0,47,0
45141,0,4,0,5,47,15,3,3,3,161,'2008-08-27 15:12:04+00:00',jackrabbit-core/src/test/java/org/apache/jackrabbit/core/security/authorization/combined/testall.java,19257,0,5,0
45149,39,0,0,40,68,15,3,0,0,0,'2008-08-27 15:12:04+00:00',jackrabbit-core/src/test/java/org/apache/jackrabbit/core/security/authorization/principalbased/acltemplatetest.java,19257,40,0,0
45154,126,0,0,127,210,15,3,0,0,0,'2008-08-27 15:12:04+00:00',jackrabbit-core/src/test/java/org/apache/jackrabbit/core/security/authorization/principalbased/entrytest.java,19257,127,0,0
45157,91,0,0,92,92,15,3,0,0,0,'2008-08-27 15:12:04+00:00',jackrabbit-core/src/test/java/org/apache/jackrabbit/core/security/authorization/principalbased/evaluationtest.java,19257,92,0,1
45163,36,0,0,37,36,15,3,0,0,0,'2008-08-27 15:12:04+00:00',jackrabbit-core/src/test/java/org/apache/jackrabbit/core/security/authorization/principalbased/globpatterntest.java,19257,37,0,0
45166,42,0,0,43,47,15,3,0,0,0,'2008-08-27 15:12:04+00:00',jackrabbit-core/src/test/java/org/apache/jackrabbit/core/security/authorization/principalbased/testall.java,19257,43,0,1
45172,0,2,0,4,104,15,3,3,1,161,'2008-08-27 15:12:04+00:00',jackrabbit-core/src/test/java/org/apache/jackrabbit/core/security/principal/defaultprincipalprovidertest.java,19257,0,4,0
45180,0,0,2,2,47,15,3,1,1,161,'2008-08-27 15:12:04+00:00',jackrabbit-core/src/test/java/org/apache/jackrabbit/core/security/principal/testall.java,19257,1,1,0
45187,56,0,0,57,50,15,3,0,0,0,'2008-08-27 15:12:04+00:00',jackrabbit-core/src/test/java/org/apache/jackrabbit/core/security/user/administratortest.java,19257,57,0,0
45193,9,2,40,64,430,15,3,4,3,161,'2008-08-27 15:12:04+00:00',jackrabbit-core/src/test/java/org/apache/jackrabbit/core/security/user/groupadministratortest.java,19257,33,31,0
45201,2,1,14,21,245,15,3,3,2,104,'2008-08-27 15:12:04+00:00',jackrabbit-core/src/test/java/org/apache/jackrabbit/core/security/user/noderesolvertest.java,19257,14,7,0
45208,0,2,10,16,220,15,3,2,2,161,'2008-08-27 15:12:04+00:00',jackrabbit-core/src/test/java/org/apache/jackrabbit/core/security/user/notuseradministratortest.java,19257,6,10,0
45217,1,0,2,3,47,15,3,2,2,161,'2008-08-27 15:12:04+00:00',jackrabbit-core/src/test/java/org/apache/jackrabbit/core/security/user/testall.java,19257,2,1,0
45226,7,1,34,50,320,15,3,4,3,161,'2008-08-27 15:12:04+00:00',jackrabbit-core/src/test/java/org/apache/jackrabbit/core/security/user/useradministratortest.java,19257,24,26,0
45234,4,0,40,49,387,15,3,4,4,161,'2008-08-27 15:12:04+00:00',jackrabbit-core/src/test/java/org/apache/jackrabbit/core/security/user/usermanagerimpltest.java,19257,26,23,0
45250,55,0,12,76,157,15,3,1,0,253,'2008-08-27 15:12:04+00:00',jackrabbit-spi-commons/src/main/java/org/apache/jackrabbit/spi/commons/conversion/nameparser.java,19257,71,5,0
45258,111,0,0,113,89,15,3,1,0,253,'2008-08-27 15:12:04+00:00',jackrabbit-spi-commons/src/test/java/org/apache/jackrabbit/spi/commons/conversion/nameparsertest.java,19257,113,0,0
44106,0,0,2,2,0,12,4,13,10,500,'2008-07-24 12:30:53+00:00',jackrabbit-core/src/main/java/org/apache/jackrabbit/core/persistence/bundle/abstractbundlepersistencemanager.java,59,1,1,0
44116,11,0,0,13,0,12,4,19,14,500,'2008-07-24 12:30:53+00:00',jackrabbit-core/src/main/java/org/apache/jackrabbit/core/persistence/bundle/util/bundlebinding.java,0,13,0,1
44128,0,34,0,35,35,10,5,1,0,0,'2008-07-25 10:17:25+00:00',jackrabbit-api/src/main/java/org/apache/jackrabbit/api/observation/extendedevent.java,126,0,35,0
44134,34,0,0,35,35,10,5,0,0,0,'2008-07-25 10:17:25+00:00',jackrabbit-api/src/main/java/org/apache/jackrabbit/api/observation/jackrabbitevent.java,126,35,0,0
44139,0,0,8,8,208,10,5,7,6,599,'2008-07-25 10:17:25+00:00',jackrabbit-core/src/main/java/org/apache/jackrabbit/core/observation/eventimpl.java,0,4,4,0
44149,2,0,24,30,120,16,0,3,1,602,'2008-07-27 16:03:51+00:00',jackrabbit-core/src/main/java/org/apache/jackrabbit/core/xml/namespacecontext.java,0,16,14,0
44160,4,43,90,152,299,13,3,2,1,605,'2008-07-30 13:52:52+00:00',jackrabbit-core/src/main/java/org/apache/jackrabbit/core/jndi/bindablerepository.java,405,38,114,1
44169,2,23,23,51,87,13,3,1,0,605,'2008-07-30 13:52:52+00:00',jackrabbit-core/src/main/java/org/apache/jackrabbit/core/jndi/bindablerepositoryfactory.java,405,11,40,1
44177,13,0,6,22,82,13,3,1,0,605,'2008-07-30 13:52:52+00:00',jackrabbit-core/src/main/java/org/apache/jackrabbit/core/jndi/registryhelper.java,0,19,3,0
44190,0,0,4,4,102,17,3,3,2,605,'2008-07-30 17:41:13+00:00',jackrabbit-core/src/main/java/org/apache/jackrabbit/core/nodetype/xml/additionalnamespaceresolver.java,170,2,2,0
44198,0,0,4,5,219,17,3,3,3,596,'2008-07-30 17:41:13+00:00',jackrabbit-core/src/main/java/org/apache/jackrabbit/core/query/lucene/filebasednamespacemappings.java,170,2,3,0
44207,0,0,4,5,97,17,3,4,3,596,'2008-07-30 17:41:13+00:00',jackrabbit-core/src/main/java/org/apache/jackrabbit/core/query/lucene/nsregistrybasednamespacemappings.java,170,2,3,0
44216,0,1,2,3,354,17,3,4,3,282,'2008-07-30 17:41:13+00:00',jackrabbit-jcr2spi/src/main/java/org/apache/jackrabbit/jcr2spi/xml/importhandler.java,170,1,2,0
44226,1,0,0,2,178,17,3,1,0,225,'2008-07-30 17:41:13+00:00',jackrabbit-spi-commons/src/main/java/org/apache/jackrabbit/spi/commons/namespace/abstractnamespaceresolver.java,170,2,0,0
44234,1,0,0,2,50,17,3,1,0,225,'2008-07-30 17:41:13+00:00',jackrabbit-spi-commons/src/main/java/org/apache/jackrabbit/spi/commons/namespace/namespacelistener.java,170,2,0,0
44241,0,0,2,2,165,17,3,2,0,225,'2008-07-30 17:41:13+00:00',jackrabbit-spi-commons/src/main/java/org/apache/jackrabbit/spi/commons/namespace/namespacemapping.java,170,1,1,0
44250,0,0,2,2,65,17,3,1,0,225,'2008-07-30 17:41:13+00:00',jackrabbit-spi-commons/src/main/java/org/apache/jackrabbit/spi/commons/namespace/sessionnamespaceresolver.java,170,1,1,0
44257,0,1,2,3,246,17,3,4,2,282,'2008-07-30 17:41:13+00:00',jackrabbit-spi2jcr/src/main/java/org/apache/jackrabbit/spi2jcr/sessioninfoimpl.java,0,1,2,0
44265,22,0,0,24,71,7,1,2,1,394,'2008-08-18 07:40:55+00:00',jackrabbit-core/src/main/java/org/apache/jackrabbit/core/journal/oracledatabasejournal.java,0,24,0,0
44276,0,0,2,2,1546,13,3,7,5,303,'2008-08-20 13:23:23+00:00',jackrabbit-spi2jcr/src/main/java/org/apache/jackrabbit/spi2jcr/repositoryserviceimpl.java,0,1,1,0
44287,0,1,6,8,2180,22,5,30,22,628,'2008-08-22 22:29:28+00:00',jackrabbit-core/src/main/java/org/apache/jackrabbit/core/repositoryimpl.java,692,3,5,0
44296,0,0,5,6,576,22,5,20,13,628,'2008-08-22 22:29:28+00:00',jackrabbit-core/src/main/java/org/apache/jackrabbit/core/searchmanager.java,692,1,5,0
44302,0,57,0,58,58,22,5,1,0,628,'2008-08-22 22:29:28+00:00',jackrabbit-core/src/main/java/org/apache/jackrabbit/core/config/filesystemconfig.java,692,0,58,0
44305,4,6,48,67,758,22,5,7,4,628,'2008-08-22 22:29:28+00:00',jackrabbit-core/src/main/java/org/apache/jackrabbit/core/config/repositoryconfig.java,692,37,30,1
44313,32,0,18,59,720,22,5,10,7,628,'2008-08-22 22:29:28+00:00',jackrabbit-core/src/main/java/org/apache/jackrabbit/core/config/repositoryconfigurationparser.java,692,46,13,1
44317,5,0,22,35,71,22,5,1,0,628,'2008-08-22 22:29:28+00:00',jackrabbit-core/src/main/java/org/apache/jackrabbit/core/config/searchconfig.java,692,22,13,0
44321,4,0,18,26,111,22,5,4,1,628,'2008-08-22 22:29:28+00:00',jackrabbit-core/src/main/java/org/apache/jackrabbit/core/config/versioningconfig.java,692,16,10,1
44327,4,0,18,26,169,22,5,8,5,628,'2008-08-22 22:29:28+00:00',jackrabbit-core/src/main/java/org/apache/jackrabbit/core/config/workspaceconfig.java,692,16,10,1
44334,38,0,0,39,39,22,5,0,0,0,'2008-08-22 22:29:28+00:00',jackrabbit-core/src/main/java/org/apache/jackrabbit/core/fs/filesystemfactory.java,0,39,0,0
44347,2,4,17,27,1168,17,2,6,3,639,'2008-09-02 17:23:04+00:00',jackrabbit-core/src/main/java/org/apache/jackrabbit/core/nodetype/effectivenodetype.java,0,11,16,0
44360,1,2,2,5,240,13,3,5,3,640,'2008-09-03 13:35:10+00:00',jackrabbit-core/src/main/java/org/apache/jackrabbit/core/observation/changelogbasedhierarchymgr.java,57,2,3,0
44367,0,1,0,1,564,13,3,12,5,640,'2008-09-03 13:35:10+00:00',jackrabbit-core/src/main/java/org/apache/jackrabbit/core/observation/eventstatecollection.java,0,0,1,0
44375,0,0,2,2,586,8,4,14,9,647,'2008-09-11 08:59:22+00:00',jackrabbit-core/src/main/java/org/apache/jackrabbit/core/query/lucene/abstractindex.java,0,1,1,0
44394,15,0,0,17,0,11,2,31,22,652,'2008-09-16 11:56:08+00:00',jackrabbit-core/src/main/java/org/apache/jackrabbit/core/repositoryimpl.java,579,17,0,0
44402,7,0,0,9,0,11,2,5,2,652,'2008-09-16 11:56:08+00:00',jackrabbit-core/src/main/java/org/apache/jackrabbit/core/cluster/clustercontext.java,579,9,0,0
44411,9,0,50,63,0,11,2,24,18,652,'2008-09-16 11:56:08+00:00',jackrabbit-core/src/main/java/org/apache/jackrabbit/core/cluster/clusternode.java,579,58,5,1
44415,1,0,3,6,0,11,2,13,9,652,'2008-09-16 11:56:08+00:00',jackrabbit-core/src/main/java/org/apache/jackrabbit/core/config/repositoryconfigurationparser.java,579,5,1,0
44423,81,0,0,82,0,11,2,0,0,0,'2008-09-16 11:56:08+00:00',jackrabbit-core/src/test/java/org/apache/jackrabbit/core/cluster/clustertest.java,579,82,0,1
44427,91,0,0,92,0,11,2,0,0,0,'2008-09-16 11:56:08+00:00',jackrabbit-core/src/test/java/org/apache/jackrabbit/core/cluster/memoryjournal.java,579,92,0,0
44432,47,0,0,48,0,11,2,0,0,0,'2008-09-16 11:56:08+00:00',jackrabbit-core/src/test/java/org/apache/jackrabbit/core/cluster/memoryrevision.java,579,48,0,0
44435,77,0,0,78,0,11,2,0,0,0,'2008-09-16 11:56:08+00:00',jackrabbit-core/src/test/java/org/apache/jackrabbit/core/cluster/simpleclustercontext.java,579,78,0,1
44440,43,0,0,44,0,11,2,0,0,0,'2008-09-16 11:56:08+00:00',jackrabbit-core/src/test/java/org/apache/jackrabbit/core/cluster/testall.java,0,44,0,1
44115,34,0,0,35,0,9,5,0,0,0,'2008-07-25 09:59:52+00:00',jackrabbit-api/src/main/java/org/apache/jackrabbit/api/observation/extendedevent.java,84,35,0,0
44120,2,0,4,7,205,9,5,6,5,599,'2008-07-25 09:59:52+00:00',jackrabbit-core/src/main/java/org/apache/jackrabbit/core/observation/eventimpl.java,0,5,2,1
44133,13,0,4,20,330,14,5,1,0,600,'2008-07-25 14:11:58+00:00',jackrabbit-jca/src/main/java/org/apache/jackrabbit/jca/jcasessionhandle.java,99,17,3,0
44143,15,0,0,16,106,14,5,1,0,600,'2008-07-25 14:11:58+00:00',jackrabbit-jca/src/test/java/org/apache/jackrabbit/jca/test/connectionfactorytest.java,0,16,0,0
44153,0,0,5,6,145,8,1,5,0,586,'2008-07-28 08:02:20+00:00',jackrabbit-text-extractors/src/main/java/org/apache/jackrabbit/extractor/openofficetextextractor.java,0,5,1,0
44165,1002,0,0,1003,1296,14,3,0,0,0,'2008-07-30 14:03:54+00:00',jackrabbit-jcr-commons/src/main/java/org/apache/jackrabbit/commons/query/gql.java,1017,1003,0,1
44172,0,0,14,14,1098,14,3,28,20,605,'2008-07-30 14:10:50+00:00',jackrabbit-core/src/main/java/org/apache/jackrabbit/core/query/lucene/lucenequerybuilder.java,0,7,7,0
44187,0,1,4,6,479,17,3,13,10,605,'2008-07-30 17:23:47+00:00',jackrabbit-core/src/main/java/org/apache/jackrabbit/core/namespaceregistryimpl.java,234,2,4,0
44195,1,0,2,5,2179,17,3,29,21,605,'2008-07-30 17:23:47+00:00',jackrabbit-core/src/main/java/org/apache/jackrabbit/core/repositoryimpl.java,234,3,2,0
44204,0,0,2,2,61,17,3,4,2,605,'2008-07-30 17:23:47+00:00',jackrabbit-core/src/main/java/org/apache/jackrabbit/core/cluster/clustercontext.java,234,1,1,0
44213,0,0,2,2,1275,17,3,23,17,605,'2008-07-30 17:23:47+00:00',jackrabbit-core/src/main/java/org/apache/jackrabbit/core/cluster/clusternode.java,234,1,1,0
44222,8,2,7,23,74,17,3,1,1,225,'2008-07-30 17:23:47+00:00',jackrabbit-spi-commons/src/main/java/org/apache/jackrabbit/spi/commons/conversion/defaultnamepathresolver.java,234,16,7,0
44230,0,1,2,3,270,17,3,3,1,225,'2008-07-30 17:23:47+00:00',jackrabbit-spi-commons/src/main/java/org/apache/jackrabbit/spi/commons/lock/locked.java,234,1,2,0
44238,65,0,0,66,66,17,3,0,0,0,'2008-07-30 17:23:47+00:00',jackrabbit-spi-commons/src/main/java/org/apache/jackrabbit/spi/commons/namespace/registrynamespaceresolver.java,0,66,0,0
44244,9,1,26,46,223,14,3,3,2,612,'2008-08-06 14:10:49+00:00',jackrabbit-core/src/main/java/org/apache/jackrabbit/core/jndi/bindablerepository.java,150,28,18,0
44251,0,0,2,2,58,14,3,2,1,612,'2008-08-06 14:10:49+00:00',jackrabbit-core/src/main/java/org/apache/jackrabbit/core/jndi/bindablerepositoryfactory.java,0,1,1,0
44259,31,0,16,51,558,13,2,14,9,618,'2008-08-12 13:04:57+00:00',jackrabbit-core/src/main/java/org/apache/jackrabbit/core/query/lucene/queryresultimpl.java,0,39,12,0
44270,0,1,6,12,53,19,2,3,2,232,'2008-08-19 19:34:41+00:00',jackrabbit-ocm/src/test/java/org/apache/jackrabbit/ocm/repositorylifecycletestsetup.java,181,5,7,0
44278,0,1,2,4,45,19,2,2,1,232,'2008-08-19 19:34:41+00:00',jackrabbit-ocm/src/test/java/org/apache/jackrabbit/ocm/mapper/alltests.java,181,1,3,0
44285,0,17,4,23,124,19,2,3,2,232,'2008-08-19 19:34:41+00:00',jackrabbit-ocm/src/test/java/org/apache/jackrabbit/ocm/repository/nodeutiltest.java,181,1,22,0
44293,1,0,22,26,227,19,2,2,1,232,'2008-08-19 19:34:41+00:00',jackrabbit-ocm/src/test/java/org/apache/jackrabbit/ocm/repository/repositoryutil.java,181,19,7,0
44300,0,0,17,18,200,19,2,3,2,232,'2008-08-19 19:34:41+00:00',jackrabbit-ocm/src/test/java/org/apache/jackrabbit/ocm/repository/repositoryutiltest.java,0,1,17,0
44312,1,1,0,2,915,8,4,6,6,132,'2008-08-28 08:02:44+00:00',jackrabbit-core/src/test/java/org/apache/jackrabbit/core/security/authorization/abstractevaluationtest.java,0,1,1,1
44325,0,0,38,40,568,10,2,11,5,638,'2008-09-02 10:00:42+00:00',jackrabbit-core/src/main/java/org/apache/jackrabbit/core/observation/eventstatecollection.java,124,18,22,0
44332,46,0,0,47,47,10,2,0,0,0,'2008-09-02 10:00:42+00:00',jackrabbit-core/src/test/java/org/apache/jackrabbit/core/observation/moveinplacetest.java,124,47,0,0
44335,1,0,0,1,45,10,2,1,0,638,'2008-09-02 10:00:42+00:00',jackrabbit-core/src/test/java/org/apache/jackrabbit/core/observation/testall.java,0,1,0,1
44345,0,0,22,22,43,16,2,3,1,638,'2008-09-02 16:57:33+00:00',jackrabbit-jcr-rmi/src/main/java/org/apache/jackrabbit/rmi/server/jmx/jcrservermbean.java,0,11,11,0
44354,0,0,2,2,378,9,3,6,3,639,'2008-09-03 09:15:30+00:00',jackrabbit-core/src/main/java/org/apache/jackrabbit/core/xml/bufferedstringvalue.java,41,1,1,0
44357,0,1,2,4,101,9,3,3,1,639,'2008-09-03 09:15:30+00:00',jackrabbit-core/src/main/java/org/apache/jackrabbit/core/xml/stringvalue.java,0,1,3,0
44371,0,0,4,4,307,7,4,7,3,488,'2008-09-11 07:51:40+00:00',jackrabbit-core/src/main/java/org/apache/jackrabbit/core/query/lucene/abstractexcerpt.java,383,2,2,0
44378,1,0,8,11,585,7,4,13,8,647,'2008-09-11 07:51:40+00:00',jackrabbit-core/src/main/java/org/apache/jackrabbit/core/query/lucene/abstractindex.java,383,6,5,0
44385,144,0,0,145,145,7,4,0,0,0,'2008-09-11 07:51:40+00:00',jackrabbit-core/src/main/java/org/apache/jackrabbit/core/query/lucene/lazytextextractorfield.java,383,145,0,0
44390,1,2,22,26,905,7,4,25,21,647,'2008-09-11 07:51:40+00:00',jackrabbit-core/src/main/java/org/apache/jackrabbit/core/query/lucene/nodeindexer.java,383,5,21,0
44399,1,0,2,3,1871,7,4,45,36,647,'2008-09-11 07:51:40+00:00',jackrabbit-core/src/main/java/org/apache/jackrabbit/core/query/lucene/searchindex.java,383,2,1,0
44407,1,0,23,31,110,7,4,4,4,602,'2008-09-11 07:51:40+00:00',jackrabbit-core/src/main/java/org/apache/jackrabbit/core/query/lucene/util.java,0,16,15,0
44418,0,0,9,12,0,15,4,6,3,655,'2008-09-18 15:15:45+00:00',jackrabbit-core/src/main/java/org/apache/jackrabbit/core/state/cachemanager.java,0,8,4,0
44426,0,0,9,11,0,15,5,1,0,656,'2008-09-19 15:11:34+00:00',jackrabbit-webdav/src/main/java/org/apache/jackrabbit/webdav/multistatusresponse.java,0,6,5,0
