change_id,401_lines_added,402_lines_deleted,403_lines_changed,404_loc,405_file_lines,406_time_of_day,407_day_of_week,408_previous_patches,409_previous_buggy_patches,410_file_age,411_commit_time,412_full_path,413_patch_lines,414_lines_inserted,415_lines_removed,500_Buggy?
17746,1,0,3,5,711,14,1,18,8,333,'2011-02-14 14:14:10+00:00',lucene/src/test/org/apache/lucene/search/testmultitermconstantscore.java,0,4,1,0
17762,0,1054,0,1055,1055,9,2,2,0,285,'2011-02-15 09:24:06+00:00',modules/analysis/common/src/java/org/apache/lucene/analysis/shingle/shinglematrixfilter.java,1619,0,1055,0
17766,0,529,0,530,530,9,2,4,0,285,'2011-02-15 09:24:06+00:00',modules/analysis/common/src/test/org/apache/lucene/analysis/shingle/testshinglematrixfilter.java,0,0,530,0
17913,2,0,0,2,237,11,4,15,2,336,'2011-02-17 11:00:45+00:00',lucene/contrib/xml-query-parser/src/test/org/apache/lucene/xmlparser/testparser.java,1007,2,0,0
17922,18,0,14,36,441,11,4,3,2,18,'2011-02-17 11:00:45+00:00',lucene/src/java/org/apache/lucene/index/buffereddeletesstream.java,1007,30,6,0
17931,1,1,17,23,1018,11,4,29,15,336,'2011-02-17 11:00:45+00:00',lucene/src/java/org/apache/lucene/index/directoryreader.java,1007,16,7,0
17939,6,0,0,8,1208,11,4,36,20,336,'2011-02-17 11:00:45+00:00',lucene/src/java/org/apache/lucene/index/documentswriter.java,1007,8,0,0
17948,64,24,83,206,3727,11,4,88,53,336,'2011-02-17 11:00:45+00:00',lucene/src/java/org/apache/lucene/index/indexwriter.java,1007,133,73,1
17957,0,0,2,4,317,11,4,11,6,336,'2011-02-17 11:00:45+00:00',lucene/src/java/org/apache/lucene/index/mergepolicy.java,1007,2,2,0
17966,13,0,4,19,162,11,4,1,0,10,'2011-02-17 11:00:45+00:00',lucene/src/test-framework/org/apache/lucene/index/randomindexwriter.java,1007,17,2,0
17975,2,2,10,15,413,11,4,2,0,10,'2011-02-17 11:00:45+00:00',lucene/src/test-framework/org/apache/lucene/search/queryutils.java,1007,3,12,0
17984,0,0,2,2,1253,11,4,1,0,10,'2011-02-17 11:00:45+00:00',lucene/src/test-framework/org/apache/lucene/util/lucenetestcase.java,1007,1,1,0
17993,13,0,0,14,308,11,4,1,0,10,'2011-02-17 11:00:45+00:00',lucene/src/test-framework/org/apache/lucene/util/_testutil.java,1007,14,0,0
18002,0,0,2,2,852,11,4,25,9,336,'2011-02-17 11:00:45+00:00',lucene/src/test/org/apache/lucene/index/testindexwriterdelete.java,1007,1,1,0
18011,1,1,0,2,548,11,4,9,4,104,'2011-02-17 11:00:45+00:00',lucene/src/test/org/apache/lucene/index/testindexwriterondiskfull.java,1007,1,1,0
18020,0,0,2,2,110,11,4,5,1,162,'2011-02-17 11:00:45+00:00',lucene/src/test/org/apache/lucene/index/testiscurrent.java,1007,1,1,0
18029,1,0,0,1,151,11,4,11,2,256,'2011-02-17 11:00:45+00:00',lucene/src/test/org/apache/lucene/index/testmultifields.java,1007,1,0,0
18037,1,0,0,1,115,11,4,9,1,336,'2011-02-17 11:00:45+00:00',lucene/src/test/org/apache/lucene/index/testnrtreaderwiththreads.java,1007,1,0,0
18045,74,0,0,75,146,11,4,0,0,0,'2011-02-17 11:00:45+00:00',lucene/src/test/org/apache/lucene/index/testrollingupdates.java,1007,75,0,1
18050,0,0,2,2,142,11,4,14,5,336,'2011-02-17 11:00:45+00:00',lucene/src/test/org/apache/lucene/index/testthreadedoptimize.java,1007,1,1,0
18057,1,0,3,5,154,11,4,11,4,264,'2011-02-17 11:00:45+00:00',lucene/src/test/org/apache/lucene/search/testcachingspanfilter.java,1007,4,1,0
18065,3,1,0,4,311,11,4,22,10,336,'2011-02-17 11:00:45+00:00',lucene/src/test/org/apache/lucene/search/testcachingwrapperfilter.java,0,3,1,0
18181,0,65,0,66,66,4,6,1,0,269,'2011-02-19 04:49:36+00:00',lucene/contrib/demo/src/java/org/apache/lucene/demo/deletefiles.java,18859,0,66,0
18188,0,71,0,72,72,4,6,3,0,269,'2011-02-19 04:49:36+00:00',lucene/contrib/demo/src/java/org/apache/lucene/demo/filedocument.java,18859,0,72,0
18190,0,91,0,92,92,4,6,3,0,269,'2011-02-19 04:49:36+00:00',lucene/contrib/demo/src/java/org/apache/lucene/demo/htmldocument.java,18859,0,92,0
18197,22,3,112,155,103,4,6,1,0,269,'2011-02-19 04:49:36+00:00',lucene/contrib/demo/src/java/org/apache/lucene/demo/indexfiles.java,18859,131,24,1
18205,0,180,0,181,181,4,6,3,0,269,'2011-02-19 04:49:36+00:00',lucene/contrib/demo/src/java/org/apache/lucene/demo/indexhtml.java,18859,0,181,0
18207,9,4,35,55,286,4,6,6,0,269,'2011-02-19 04:49:36+00:00',lucene/contrib/demo/src/java/org/apache/lucene/demo/searchfiles.java,18859,28,27,0
18215,0,326,0,327,327,4,6,1,0,269,'2011-02-19 04:49:36+00:00',lucene/contrib/demo/src/java/org/apache/lucene/demo/html/entities.java,18859,0,327,0
18222,0,747,0,748,748,4,6,3,0,269,'2011-02-19 04:49:36+00:00',lucene/contrib/demo/src/java/org/apache/lucene/demo/html/htmlparser.java,18859,0,748,0
18231,0,123,0,124,124,4,6,1,0,269,'2011-02-19 04:49:36+00:00',lucene/contrib/demo/src/java/org/apache/lucene/demo/html/htmlparserconstants.java,18859,0,124,0
18233,0,1658,0,1659,1659,4,6,2,0,269,'2011-02-19 04:49:36+00:00',lucene/contrib/demo/src/java/org/apache/lucene/demo/html/htmlparsertokenmanager.java,18859,0,1659,0
18239,0,197,0,198,198,4,6,1,0,269,'2011-02-19 04:49:36+00:00',lucene/contrib/demo/src/java/org/apache/lucene/demo/html/parseexception.java,18859,0,198,0
18242,0,49,0,50,50,4,6,1,0,269,'2011-02-19 04:49:36+00:00',lucene/contrib/demo/src/java/org/apache/lucene/demo/html/parserthread.java,18859,0,50,0
18248,0,471,0,472,472,4,6,2,0,269,'2011-02-19 04:49:36+00:00',lucene/contrib/demo/src/java/org/apache/lucene/demo/html/simplecharstream.java,18859,0,472,0
18251,0,63,0,64,64,4,6,1,0,269,'2011-02-19 04:49:36+00:00',lucene/contrib/demo/src/java/org/apache/lucene/demo/html/tags.java,18859,0,64,0
18257,0,50,0,51,51,4,6,1,0,269,'2011-02-19 04:49:36+00:00',lucene/contrib/demo/src/java/org/apache/lucene/demo/html/test.java,18859,0,51,0
18260,0,123,0,124,124,4,6,1,0,269,'2011-02-19 04:49:36+00:00',lucene/contrib/demo/src/java/org/apache/lucene/demo/html/token.java,18859,0,124,0
18266,0,140,0,141,141,4,6,1,0,269,'2011-02-19 04:49:36+00:00',lucene/contrib/demo/src/java/org/apache/lucene/demo/html/tokenmgrerror.java,18859,0,141,0
18301,0,0,37,41,66,4,6,2,0,105,'2011-02-19 04:49:36+00:00',lucene/contrib/demo/src/test/org/apache/lucene/demo/testdemo.java,18859,14,27,1
18309,0,132,0,133,133,4,6,2,0,105,'2011-02-19 04:49:36+00:00',lucene/contrib/demo/src/test/org/apache/lucene/demo/html/testhtmlparser.java,18859,0,133,0
18602,0,0,2,2,72,4,6,2,0,45,'2011-02-19 04:49:36+00:00',modules/benchmark/src/java/org/apache/lucene/benchmark/bytask/feeds/demohtmlparser.java,18859,1,1,0
18610,326,0,0,327,327,4,6,0,0,0,'2011-02-19 04:49:36+00:00',modules/benchmark/src/java/org/apache/lucene/benchmark/bytask/feeds/demohtml/entities.java,18859,327,0,0
18615,747,0,0,748,748,4,6,0,0,0,'2011-02-19 04:49:36+00:00',modules/benchmark/src/java/org/apache/lucene/benchmark/bytask/feeds/demohtml/htmlparser.java,18859,748,0,0
18623,123,0,0,124,124,4,6,0,0,0,'2011-02-19 04:49:36+00:00',modules/benchmark/src/java/org/apache/lucene/benchmark/bytask/feeds/demohtml/htmlparserconstants.java,18859,124,0,0
18629,1658,0,0,1659,1659,4,6,0,0,0,'2011-02-19 04:49:36+00:00',modules/benchmark/src/java/org/apache/lucene/benchmark/bytask/feeds/demohtml/htmlparsertokenmanager.java,18859,1659,0,0
18633,197,0,0,198,198,4,6,0,0,0,'2011-02-19 04:49:36+00:00',modules/benchmark/src/java/org/apache/lucene/benchmark/bytask/feeds/demohtml/parseexception.java,18859,198,0,0
18639,49,0,0,50,50,4,6,0,0,0,'2011-02-19 04:49:36+00:00',modules/benchmark/src/java/org/apache/lucene/benchmark/bytask/feeds/demohtml/parserthread.java,18859,50,0,0
18643,471,0,0,472,472,4,6,0,0,0,'2011-02-19 04:49:36+00:00',modules/benchmark/src/java/org/apache/lucene/benchmark/bytask/feeds/demohtml/simplecharstream.java,18859,472,0,0
18648,63,0,0,64,64,4,6,0,0,0,'2011-02-19 04:49:36+00:00',modules/benchmark/src/java/org/apache/lucene/benchmark/bytask/feeds/demohtml/tags.java,18859,64,0,0
18652,123,0,0,124,124,4,6,0,0,0,'2011-02-19 04:49:36+00:00',modules/benchmark/src/java/org/apache/lucene/benchmark/bytask/feeds/demohtml/token.java,18859,124,0,0
18656,140,0,0,141,141,4,6,0,0,0,'2011-02-19 04:49:36+00:00',modules/benchmark/src/java/org/apache/lucene/benchmark/bytask/feeds/demohtml/tokenmgrerror.java,18859,141,0,0
18661,131,0,0,132,133,4,6,0,0,0,'2011-02-19 04:49:36+00:00',modules/benchmark/src/test/org/apache/lucene/benchmark/bytask/feeds/demohtml/testhtmlparser.java,18859,132,0,0
18678,1,0,0,1,0,19,2,17,3,348,'2011-03-01 19:58:56+00:00',solr/src/test/org/apache/solr/basicfunctionalitytest.java,0,1,0,0
18686,1,0,2,5,695,13,3,37,16,349,'2011-03-02 13:54:01+00:00',lucene/src/test/org/apache/lucene/index/testbackwardscompatibility.java,277,3,2,0
18695,0,0,2,2,233,13,3,20,10,349,'2011-03-02 13:54:01+00:00',lucene/src/test/org/apache/lucene/index/testindexfiledeleter.java,277,1,1,0
18704,0,0,12,12,1938,13,3,38,28,349,'2011-03-02 13:54:01+00:00',lucene/src/test/org/apache/lucene/index/testindexreader.java,277,6,6,0
18711,0,0,6,6,512,13,3,12,3,349,'2011-03-02 13:54:01+00:00',lucene/src/test/org/apache/lucene/index/testindexreaderclone.java,277,3,3,0
18719,0,0,8,8,356,13,3,19,6,349,'2011-03-02 13:54:01+00:00',lucene/src/test/org/apache/lucene/index/testindexreaderclonenorms.java,277,4,4,0
18727,0,0,16,22,1247,13,3,27,12,349,'2011-03-02 13:54:01+00:00',lucene/src/test/org/apache/lucene/index/testindexreaderreopen.java,277,11,11,0
18735,0,0,2,2,291,13,3,21,7,349,'2011-03-02 13:54:01+00:00',lucene/src/test/org/apache/lucene/index/testnorms.java,277,1,1,0
18743,0,0,4,6,305,13,3,14,4,349,'2011-03-02 13:54:01+00:00',lucene/src/test/org/apache/lucene/index/testparallelreader.java,277,3,3,0
18751,0,0,2,2,96,13,3,11,1,349,'2011-03-02 13:54:01+00:00',lucene/src/test/org/apache/lucene/search/testsetnorm.java,0,1,1,0
18892,4,0,0,6,1058,15,2,20,10,355,'2011-03-08 15:10:57+00:00',lucene/src/java/org/apache/lucene/index/checkindex.java,0,6,0,0
18962,0,15,23,43,418,22,3,7,3,357,'2011-03-09 22:32:09+00:00',solr/src/java/org/apache/solr/response/phpserializedresponsewriter.java,0,5,38,0
17940,0,0,2,2,743,12,4,17,6,316,'2011-02-17 12:22:49+00:00',lucene/src/java/org/apache/lucene/index/codecs/sep/seppostingsreaderimpl.java,40,1,1,0
17949,0,0,6,8,335,12,4,12,3,316,'2011-02-17 12:22:49+00:00',lucene/src/java/org/apache/lucene/index/codecs/sep/seppostingswriterimpl.java,0,2,6,0
17960,1,0,2,3,585,12,4,4,1,336,'2011-02-17 12:26:11+00:00',solr/contrib/dataimporthandler/src/main/java/org/apache/solr/handler/dataimport/dataimporter.java,113,2,1,0
17969,1,0,4,5,1062,12,4,9,5,336,'2011-02-17 12:26:11+00:00',solr/contrib/dataimporthandler/src/main/java/org/apache/solr/handler/dataimport/docbuilder.java,113,3,2,0
17978,1,0,2,3,294,12,4,3,0,336,'2011-02-17 12:26:11+00:00',solr/contrib/dataimporthandler/src/main/java/org/apache/solr/handler/dataimport/entityprocessorbase.java,113,2,1,0
17987,1,0,2,3,297,12,4,3,0,336,'2011-02-17 12:26:11+00:00',solr/contrib/dataimporthandler/src/main/java/org/apache/solr/handler/dataimport/entityprocessorwrapper.java,113,2,1,0
17996,1,0,0,1,175,12,4,4,0,336,'2011-02-17 12:26:11+00:00',solr/contrib/dataimporthandler/src/test/java/org/apache/solr/handler/dataimport/testerrorhandling.java,0,1,0,0
18006,1,0,0,2,522,15,4,14,5,336,'2011-02-17 15:44:42+00:00',solr/src/test/org/apache/solr/search/function/testfunctionquery.java,0,2,0,0
18016,11,7,0,20,1007,15,4,14,1,336,'2011-02-17 15:44:59+00:00',solr/src/java/org/apache/solr/search/valuesourceparser.java,0,12,8,0
18026,0,99,0,100,100,15,4,4,0,336,'2011-02-17 15:52:33+00:00',solr/src/java/org/apache/solr/search/function/maxfloatfunction.java,0,0,100,0
18032,0,1,0,1,266,16,4,14,5,336,'2011-02-17 16:08:40+00:00',solr/src/java/org/apache/solr/search/function/valuesource.java,0,0,1,0
18122,0,0,5,6,525,18,6,14,2,359,'2011-03-12 18:24:35+00:00',lucene/src/java/org/apache/lucene/search/sortfield.java,0,5,1,0
18131,0,0,5,6,529,2,0,15,2,360,'2011-03-13 02:46:01+00:00',lucene/src/java/org/apache/lucene/search/sortfield.java,0,1,5,0
18169,0,1,0,1,478,19,1,9,9,340,'2011-02-21 19:05:13+00:00',lucene/src/java/org/apache/lucene/index/fieldinfos.java,0,0,1,0
18196,0,0,11,12,28,16,3,2,0,342,'2011-02-23 16:23:57+00:00',solr/src/java/org/apache/solr/analysis/indicnormalizationfilterfactory.java,327,11,1,0
18204,0,0,11,12,38,16,3,2,1,291,'2011-02-23 16:23:57+00:00',solr/src/java/org/apache/solr/analysis/indonesianstemfilterfactory.java,327,11,1,0
18212,0,0,11,12,28,16,3,1,0,224,'2011-02-23 16:23:57+00:00',solr/src/java/org/apache/solr/analysis/italianlightstemfilterfactory.java,327,11,1,0
18220,7,0,0,8,89,16,3,6,3,342,'2011-02-23 16:23:57+00:00',solr/src/java/org/apache/solr/analysis/keepwordfilterfactory.java,327,8,0,0
18229,0,0,9,10,55,16,3,4,3,328,'2011-02-23 16:23:57+00:00',solr/src/java/org/apache/solr/analysis/keywordmarkerfilterfactory.java,327,9,1,0
18238,6,0,0,7,31,16,3,4,0,342,'2011-02-23 16:23:57+00:00',solr/src/java/org/apache/solr/analysis/keywordtokenizerfactory.java,327,7,0,0
18247,7,0,0,8,45,16,3,3,2,342,'2011-02-23 16:23:57+00:00',solr/src/java/org/apache/solr/analysis/lengthfilterfactory.java,327,8,0,0
18256,6,0,0,7,39,16,3,3,1,342,'2011-02-23 16:23:57+00:00',solr/src/java/org/apache/solr/analysis/lettertokenizerfactory.java,327,7,0,0
18265,10,0,0,11,40,16,3,1,1,241,'2011-02-23 16:23:57+00:00',solr/src/java/org/apache/solr/analysis/limittokencountfilterfactory.java,327,11,0,0
18274,7,0,0,8,38,16,3,3,1,342,'2011-02-23 16:23:57+00:00',solr/src/java/org/apache/solr/analysis/lowercasefilterfactory.java,327,8,0,0
18283,6,0,0,7,38,16,3,3,1,342,'2011-02-23 16:23:57+00:00',solr/src/java/org/apache/solr/analysis/lowercasetokenizerfactory.java,327,7,0,0
18291,7,0,0,8,121,16,3,2,0,342,'2011-02-23 16:23:57+00:00',solr/src/java/org/apache/solr/analysis/mappingcharfilterfactory.java,327,8,0,0
18300,0,0,9,10,48,16,3,2,0,342,'2011-02-23 16:23:57+00:00',solr/src/java/org/apache/solr/analysis/ngramfilterfactory.java,327,9,1,0
18308,0,0,8,9,48,16,3,1,0,342,'2011-02-23 16:23:57+00:00',solr/src/java/org/apache/solr/analysis/ngramtokenizerfactory.java,327,8,1,0
18317,0,0,11,12,40,16,3,3,1,342,'2011-02-23 16:23:57+00:00',solr/src/java/org/apache/solr/analysis/numericpayloadtokenfilterfactory.java,0,11,1,0
18354,0,0,2,2,39,17,4,3,0,343,'2011-02-24 17:25:40+00:00',solr/src/java/org/apache/solr/analysis/arabicnormalizationfilterfactory.java,531,1,1,0
18363,0,0,2,3,40,17,4,3,0,343,'2011-02-24 17:25:40+00:00',solr/src/java/org/apache/solr/analysis/arabicstemfilterfactory.java,531,2,1,0
18372,0,0,2,3,40,17,4,3,0,343,'2011-02-24 17:25:40+00:00',solr/src/java/org/apache/solr/analysis/brazilianstemfilterfactory.java,531,2,1,0
18381,0,0,2,3,38,17,4,3,0,343,'2011-02-24 17:25:40+00:00',solr/src/java/org/apache/solr/analysis/bulgarianstemfilterfactory.java,531,2,1,0
18390,0,0,2,2,40,17,4,2,1,149,'2011-02-24 17:25:40+00:00',solr/src/java/org/apache/solr/analysis/classicfilterfactory.java,531,1,1,0
18399,0,0,2,2,172,17,4,2,0,343,'2011-02-24 17:25:40+00:00',solr/src/java/org/apache/solr/analysis/collationkeyfilterfactory.java,531,1,1,0
18407,0,0,2,3,37,17,4,3,0,343,'2011-02-24 17:25:40+00:00',solr/src/java/org/apache/solr/analysis/czechstemfilterfactory.java,531,2,1,0
18416,0,0,2,3,63,17,4,5,1,343,'2011-02-24 17:25:40+00:00',solr/src/java/org/apache/solr/analysis/elisionfilterfactory.java,531,2,1,0
18424,0,0,2,3,38,17,4,2,0,225,'2011-02-24 17:25:40+00:00',solr/src/java/org/apache/solr/analysis/englishminimalstemfilterfactory.java,531,2,1,0
18432,0,0,2,3,38,17,4,2,1,149,'2011-02-24 17:25:40+00:00',solr/src/java/org/apache/solr/analysis/englishpossessivefilterfactory.java,531,2,1,0
18439,0,0,2,3,38,17,4,2,0,225,'2011-02-24 17:25:40+00:00',solr/src/java/org/apache/solr/analysis/finnishlightstemfilterfactory.java,531,2,1,0
18447,0,0,3,4,38,17,4,2,0,225,'2011-02-24 17:25:40+00:00',solr/src/java/org/apache/solr/analysis/frenchlightstemfilterfactory.java,531,3,1,0
18455,0,0,3,4,38,17,4,2,0,225,'2011-02-24 17:25:40+00:00',solr/src/java/org/apache/solr/analysis/frenchminimalstemfilterfactory.java,531,3,1,0
18463,0,0,2,3,38,17,4,2,0,49,'2011-02-24 17:25:40+00:00',solr/src/java/org/apache/solr/analysis/galicianstemfilterfactory.java,531,2,1,0
18471,0,0,2,3,38,17,4,2,0,225,'2011-02-24 17:25:40+00:00',solr/src/java/org/apache/solr/analysis/germanlightstemfilterfactory.java,531,2,1,0
18479,0,0,2,3,38,17,4,2,0,225,'2011-02-24 17:25:40+00:00',solr/src/java/org/apache/solr/analysis/germanminimalstemfilterfactory.java,531,2,1,0
18486,0,0,2,3,41,17,4,3,1,343,'2011-02-24 17:25:40+00:00',solr/src/java/org/apache/solr/analysis/germanstemfilterfactory.java,531,2,1,0
18494,0,0,2,2,57,17,4,5,0,343,'2011-02-24 17:25:40+00:00',solr/src/java/org/apache/solr/analysis/greeklowercasefilterfactory.java,531,1,1,0
18501,0,0,2,3,40,17,4,2,1,283,'2011-02-24 17:25:40+00:00',solr/src/java/org/apache/solr/analysis/greekstemfilterfactory.java,531,2,1,0
18509,0,0,2,2,38,17,4,3,0,343,'2011-02-24 17:25:40+00:00',solr/src/java/org/apache/solr/analysis/hindinormalizationfilterfactory.java,531,1,1,0
18515,0,0,2,2,38,17,4,3,0,343,'2011-02-24 17:25:40+00:00',solr/src/java/org/apache/solr/analysis/hindistemfilterfactory.java,531,1,1,0
18523,0,0,2,3,38,17,4,2,0,225,'2011-02-24 17:25:40+00:00',solr/src/java/org/apache/solr/analysis/hungarianlightstemfilterfactory.java,531,2,1,0
18529,0,0,2,2,38,17,4,3,0,343,'2011-02-24 17:25:40+00:00',solr/src/java/org/apache/solr/analysis/indicnormalizationfilterfactory.java,531,1,1,0
18538,0,0,2,3,48,17,4,3,1,292,'2011-02-24 17:25:40+00:00',solr/src/java/org/apache/solr/analysis/indonesianstemfilterfactory.java,531,2,1,0
18546,0,0,2,3,38,17,4,2,0,225,'2011-02-24 17:25:40+00:00',solr/src/java/org/apache/solr/analysis/italianlightstemfilterfactory.java,531,2,1,0
18555,0,0,2,2,40,17,4,2,0,79,'2011-02-24 17:25:40+00:00',solr/src/java/org/apache/solr/analysis/persiancharfilterfactory.java,531,1,1,0
18563,0,0,2,3,41,17,4,3,1,343,'2011-02-24 17:25:40+00:00',solr/src/java/org/apache/solr/analysis/persiannormalizationfilterfactory.java,531,2,1,0
18571,0,0,2,3,38,17,4,3,0,343,'2011-02-24 17:25:40+00:00',solr/src/java/org/apache/solr/analysis/porterstemfilterfactory.java,531,2,1,0
18578,0,0,2,3,38,17,4,2,0,225,'2011-02-24 17:25:40+00:00',solr/src/java/org/apache/solr/analysis/portugueselightstemfilterfactory.java,531,2,1,0
18587,0,0,2,3,38,17,4,2,0,225,'2011-02-24 17:25:40+00:00',solr/src/java/org/apache/solr/analysis/portugueseminimalstemfilterfactory.java,531,2,1,0
18594,0,0,2,3,38,17,4,2,0,49,'2011-02-24 17:25:40+00:00',solr/src/java/org/apache/solr/analysis/portuguesestemfilterfactory.java,531,2,1,0
18600,0,0,2,3,38,17,4,2,0,225,'2011-02-24 17:25:40+00:00',solr/src/java/org/apache/solr/analysis/russianlightstemfilterfactory.java,531,2,1,0
18607,0,0,2,3,91,17,4,6,2,343,'2011-02-24 17:25:40+00:00',solr/src/java/org/apache/solr/analysis/snowballporterfilterfactory.java,531,2,1,0
18617,0,0,2,3,38,17,4,2,0,225,'2011-02-24 17:25:40+00:00',solr/src/java/org/apache/solr/analysis/spanishlightstemfilterfactory.java,531,2,1,0
18625,0,0,2,2,46,17,4,3,1,343,'2011-02-24 17:25:40+00:00',solr/src/java/org/apache/solr/analysis/standardfilterfactory.java,531,1,1,0
18635,0,0,2,3,38,17,4,2,0,225,'2011-02-24 17:25:40+00:00',solr/src/java/org/apache/solr/analysis/swedishlightstemfilterfactory.java,531,2,1,0
18645,0,0,2,2,42,17,4,4,0,343,'2011-02-24 17:25:40+00:00',solr/src/java/org/apache/solr/analysis/thaiwordfilterfactory.java,531,1,1,0
18654,0,0,2,2,38,17,4,3,0,343,'2011-02-24 17:25:40+00:00',solr/src/java/org/apache/solr/analysis/turkishlowercasefilterfactory.java,0,1,1,0
18677,0,0,2,4,333,19,2,6,2,279,'2011-03-01 19:53:05+00:00',modules/analysis/common/src/test/org/apache/lucene/collation/collationtestbase.java,0,2,2,1
18685,0,0,4,5,137,22,2,1,1,1,'2011-03-01 22:06:43+00:00',lucene/contrib/queries/src/test/org/apache/lucene/search/testslowcollationmethods.java,289,1,4,0
18693,0,105,0,106,106,22,2,3,1,349,'2011-03-01 22:06:43+00:00',lucene/src/java/org/apache/lucene/search/fielddocsortedhitqueue.java,289,0,106,0
18698,36,14,23,80,826,22,2,19,8,349,'2011-03-01 22:06:43+00:00',lucene/src/java/org/apache/lucene/search/indexsearcher.java,289,57,23,0
18707,5,0,5,12,1027,22,2,34,10,349,'2011-03-01 22:06:43+00:00',lucene/src/test/org/apache/lucene/search/testsort.java,0,7,5,0
18861,6,0,0,7,75,22,0,4,2,354,'2011-03-06 22:11:23+00:00',lucene/src/java/org/apache/lucene/util/version.java,26,7,0,0
18936,0,0,2,2,0,17,3,5,1,356,'2011-03-09 17:12:51+00:00',solr/src/java/org/apache/solr/response/textresponsewriter.java,87,1,1,0
18941,0,54,0,55,0,17,3,9,1,356,'2011-03-09 17:12:51+00:00',solr/src/java/org/apache/solr/response/xmlwriter.java,0,0,55,0
19036,0,0,2,2,1283,19,5,4,2,32,'2011-03-11 19:24:58+00:00',lucene/src/test-framework/org/apache/lucene/util/lucenetestcase.java,0,1,1,0
18616,0,0,4,4,1877,5,1,12,2,347,'2011-02-28 05:15:50+00:00',lucene/contrib/highlighter/src/test/org/apache/lucene/search/highlight/highlightertest.java,4496,2,2,0
18624,105,0,0,106,120,5,1,0,0,0,'2011-02-28 05:15:50+00:00',lucene/contrib/queries/src/java/org/apache/lucene/search/slowcollatedstringcomparator.java,4496,106,0,0
18631,69,0,0,70,0,5,1,0,0,0,'2011-02-28 05:15:50+00:00',lucene/contrib/queries/src/java/org/apache/lucene/search/slowcollatedtermrangefilter.java,4496,70,0,0
18634,175,0,0,176,0,5,1,0,0,0,'2011-02-28 05:15:50+00:00',lucene/contrib/queries/src/java/org/apache/lucene/search/slowcollatedtermrangequery.java,4496,176,0,0
18641,101,0,0,102,0,5,1,0,0,0,'2011-02-28 05:15:50+00:00',lucene/contrib/queries/src/java/org/apache/lucene/search/slowcollatedtermrangetermsenum.java,4496,102,0,0
18644,0,0,2,2,167,5,1,14,4,347,'2011-02-28 05:15:50+00:00',lucene/contrib/queries/src/test/org/apache/lucene/search/booleanfiltertest.java,4496,1,1,0
18653,0,0,2,2,219,5,1,12,1,323,'2011-02-28 05:15:50+00:00',lucene/contrib/queries/src/test/org/apache/lucene/search/chainedfiltertest.java,4496,1,1,0
18662,136,0,0,137,148,5,1,0,0,0,'2011-02-28 05:15:50+00:00',lucene/contrib/queries/src/test/org/apache/lucene/search/testslowcollationmethods.java,4496,137,0,1
18667,0,0,2,3,402,5,1,2,0,338,'2011-02-28 05:15:50+00:00',lucene/contrib/queryparser/src/java/org/apache/lucene/queryparser/complexphrase/complexphrasequeryparser.java,4496,1,2,0
18674,0,28,0,29,431,5,1,2,1,347,'2011-02-28 05:15:50+00:00',lucene/contrib/queryparser/src/java/org/apache/lucene/queryparser/standard/standardqueryparser.java,4496,0,29,0
18682,0,0,3,4,69,5,1,1,0,347,'2011-02-28 05:15:50+00:00',lucene/contrib/queryparser/src/java/org/apache/lucene/queryparser/standard/builders/rangequerynodebuilder.java,4496,1,3,0
18690,0,36,0,37,37,5,1,1,0,347,'2011-02-28 05:15:50+00:00',lucene/contrib/queryparser/src/java/org/apache/lucene/queryparser/standard/config/rangecollatorattribute.java,4496,0,37,0
18694,0,91,0,92,92,5,1,2,0,347,'2011-02-28 05:15:50+00:00',lucene/contrib/queryparser/src/java/org/apache/lucene/queryparser/standard/config/rangecollatorattributeimpl.java,4496,0,92,0
18700,0,1,0,1,55,5,1,1,0,347,'2011-02-28 05:15:50+00:00',lucene/contrib/queryparser/src/java/org/apache/lucene/queryparser/standard/config/standardqueryconfighandler.java,4496,0,1,0
18708,0,13,4,22,68,5,1,2,0,347,'2011-02-28 05:15:50+00:00',lucene/contrib/queryparser/src/java/org/apache/lucene/queryparser/standard/nodes/rangequerynode.java,4496,2,20,0
18715,0,13,2,17,181,5,1,3,1,347,'2011-02-28 05:15:50+00:00',lucene/contrib/queryparser/src/java/org/apache/lucene/queryparser/standard/processors/parametricrangequerynodeprocessor.java,4496,1,16,0
18721,0,48,0,49,1292,5,1,28,6,347,'2011-02-28 05:15:50+00:00',lucene/contrib/queryparser/src/test/org/apache/lucene/queryparser/standard/testqphelper.java,4496,0,49,0
18729,0,1,0,2,67,5,1,1,0,39,'2011-02-28 05:15:50+00:00',lucene/contrib/queryparser/src/test/org/apache/lucene/queryparser/standard/config/testattributes.java,4496,0,2,0
18737,0,0,2,2,47,5,1,1,1,347,'2011-02-28 05:15:50+00:00',lucene/contrib/xml-query-parser/src/java/org/apache/lucene/xmlparser/builders/rangefilterbuilder.java,4496,1,1,0
18745,0,0,2,2,260,5,1,9,4,327,'2011-02-28 05:15:50+00:00',lucene/src/java/org/apache/lucene/analysis/tokenattributes/chartermattributeimpl.java,4496,1,1,1
18753,29,0,40,80,1157,5,1,8,3,128,'2011-02-28 05:15:50+00:00',lucene/src/java/org/apache/lucene/queryparser/queryparserbase.java,4496,60,20,1
18761,0,79,0,81,1301,5,1,16,13,347,'2011-02-28 05:15:50+00:00',lucene/src/java/org/apache/lucene/search/fieldcomparator.java,4496,0,81,0
18769,0,25,2,33,135,5,1,2,1,347,'2011-02-28 05:15:50+00:00',lucene/src/java/org/apache/lucene/search/fielddocsortedhitqueue.java,4496,2,31,0
18777,0,39,0,42,488,5,1,8,2,347,'2011-02-28 05:15:50+00:00',lucene/src/java/org/apache/lucene/search/sortfield.java,4496,0,42,0
18785,1,3,35,45,105,5,1,2,1,347,'2011-02-28 05:15:50+00:00',lucene/src/java/org/apache/lucene/search/termrangefilter.java,4496,14,31,0
18793,1,8,64,80,206,5,1,8,2,347,'2011-02-28 05:15:50+00:00',lucene/src/java/org/apache/lucene/search/termrangequery.java,4496,22,58,0
18801,14,9,45,82,131,5,1,2,0,327,'2011-02-28 05:15:50+00:00',lucene/src/java/org/apache/lucene/search/termrangetermsenum.java,4496,30,52,0
18808,2,0,0,3,239,5,1,3,1,347,'2011-02-28 05:15:50+00:00',lucene/src/java/org/apache/lucene/util/indexablebinarystringtools.java,4496,3,0,0
18815,36,43,0,81,1263,5,1,30,23,347,'2011-02-28 05:15:50+00:00',lucene/src/test/org/apache/lucene/queryparser/testqueryparser.java,4496,37,44,0
18822,0,0,2,2,133,5,1,5,2,56,'2011-02-28 05:15:50+00:00',lucene/src/test/org/apache/lucene/search/testconstantscorequery.java,4496,1,1,0
18829,0,0,8,8,173,5,1,11,2,347,'2011-02-28 05:15:50+00:00',lucene/src/test/org/apache/lucene/search/testdatefilter.java,4496,4,4,0
18834,0,0,2,2,228,5,1,15,2,347,'2011-02-28 05:15:50+00:00',lucene/src/test/org/apache/lucene/search/testfilteredquery.java,4496,1,1,0
18840,0,246,6,256,714,5,1,19,9,347,'2011-02-28 05:15:50+00:00',lucene/src/test/org/apache/lucene/search/testmultitermconstantscore.java,4496,3,253,0
18847,0,0,8,8,237,5,1,6,1,135,'2011-02-28 05:15:50+00:00',lucene/src/test/org/apache/lucene/search/testmultitermqueryrewrites.java,4496,4,4,0
18852,0,0,2,2,81,5,1,14,3,347,'2011-02-28 05:15:50+00:00',lucene/src/test/org/apache/lucene/search/testmultivaluednumericrangequery.java,4496,1,1,0
18859,0,1,8,10,603,5,1,22,6,347,'2011-02-28 05:15:50+00:00',lucene/src/test/org/apache/lucene/search/testnumericrangequery32.java,4496,4,6,0
18862,0,1,8,10,599,5,1,23,5,347,'2011-02-28 05:15:50+00:00',lucene/src/test/org/apache/lucene/search/testnumericrangequery64.java,4496,4,6,0
18865,0,83,0,89,1116,5,1,33,10,347,'2011-02-28 05:15:50+00:00',lucene/src/test/org/apache/lucene/search/testsort.java,4496,0,89,0
18869,0,266,68,338,488,5,1,12,2,347,'2011-02-28 05:15:50+00:00',lucene/src/test/org/apache/lucene/search/testtermrangefilter.java,4496,34,304,0
18872,0,87,32,128,425,5,1,15,2,347,'2011-02-28 05:15:50+00:00',lucene/src/test/org/apache/lucene/search/testtermrangequery.java,4496,20,108,0
18877,3,0,0,4,218,5,1,5,1,347,'2011-02-28 05:15:50+00:00',lucene/src/test/org/apache/lucene/util/testindexablebinarystringtools.java,4496,4,0,0
18888,0,0,2,4,92,5,1,1,0,278,'2011-02-28 05:15:50+00:00',modules/analysis/common/src/java/org/apache/lucene/analysis/core/keywordtokenizer.java,4496,2,2,0
18895,102,0,0,103,0,5,1,0,0,0,'2011-02-28 05:15:50+00:00',modules/analysis/common/src/java/org/apache/lucene/collation/collationattributefactory.java,4496,103,0,0
18899,8,4,48,73,113,5,1,1,0,278,'2011-02-28 05:15:50+00:00',modules/analysis/common/src/java/org/apache/lucene/collation/collationkeyanalyzer.java,4496,41,32,0
18905,2,0,0,3,103,5,1,1,0,278,'2011-02-28 05:15:50+00:00',modules/analysis/common/src/java/org/apache/lucene/collation/collationkeyfilter.java,4496,3,0,0
18916,47,0,0,48,0,5,1,0,0,0,'2011-02-28 05:15:50+00:00',modules/analysis/common/src/java/org/apache/lucene/collation/tokenattributes/collatedtermattributeimpl.java,4496,48,0,1
18918,3,0,12,21,252,5,1,4,1,278,'2011-02-28 05:15:50+00:00',modules/analysis/common/src/test/org/apache/lucene/collation/collationtestbase.java,4496,12,9,0
18923,6,0,20,30,82,5,1,3,1,278,'2011-02-28 05:15:50+00:00',modules/analysis/common/src/test/org/apache/lucene/collation/testcollationkeyanalyzer.java,4496,17,13,0
18928,1,0,18,22,100,5,1,3,1,278,'2011-02-28 05:15:50+00:00',modules/analysis/common/src/test/org/apache/lucene/collation/testcollationkeyfilter.java,4496,13,9,0
18933,95,0,0,96,0,5,1,0,0,0,'2011-02-28 05:15:50+00:00',modules/analysis/icu/src/java/org/apache/lucene/collation/icucollationattributefactory.java,4496,96,0,0
18937,8,3,49,71,108,5,1,3,0,283,'2011-02-28 05:15:50+00:00',modules/analysis/icu/src/java/org/apache/lucene/collation/icucollationkeyanalyzer.java,4496,38,33,0
18944,2,0,0,3,106,5,1,3,0,283,'2011-02-28 05:15:50+00:00',modules/analysis/icu/src/java/org/apache/lucene/collation/icucollationkeyfilter.java,4496,3,0,0
18951,49,0,0,50,0,5,1,0,0,0,'2011-02-28 05:15:50+00:00',modules/analysis/icu/src/java/org/apache/lucene/collation/tokenattributes/icucollatedtermattributeimpl.java,4496,50,0,1
18966,1,0,25,28,79,5,1,2,0,283,'2011-02-28 05:15:50+00:00',modules/analysis/icu/src/test/org/apache/lucene/collation/testicucollationkeyanalyzer.java,4496,18,10,0
18973,1,0,16,20,97,5,1,3,0,283,'2011-02-28 05:15:50+00:00',modules/analysis/icu/src/test/org/apache/lucene/collation/testicucollationkeyfilter.java,4496,11,9,0
18982,0,0,10,11,288,5,1,2,0,347,'2011-02-28 05:15:50+00:00',solr/src/java/org/apache/solr/handler/component/sharddoc.java,4496,4,7,0
18991,0,0,2,2,499,5,1,8,1,347,'2011-02-28 05:15:50+00:00',solr/src/java/org/apache/solr/schema/datefield.java,4496,1,1,0
19000,0,0,2,2,544,5,1,11,2,347,'2011-02-28 05:15:50+00:00',solr/src/java/org/apache/solr/schema/fieldtype.java,4496,1,1,0
19009,0,0,2,4,842,5,1,14,2,347,'2011-02-28 05:15:50+00:00',solr/src/java/org/apache/solr/search/queryparsing.java,4496,2,2,0
19037,0,0,2,2,1283,20,5,5,2,33,'2011-03-11 20:12:04+00:00',lucene/src/test-framework/org/apache/lucene/util/lucenetestcase.java,41,1,1,0
19046,2,0,0,2,241,20,5,3,1,149,'2011-03-11 20:12:04+00:00',solr/src/test/org/apache/solr/cloud/zksolrclienttest.java,0,2,0,0
19055,0,0,2,2,241,2,6,5,1,149,'2011-03-12 02:24:07+00:00',solr/src/test/org/apache/solr/cloud/zksolrclienttest.java,0,1,1,0
17773,3,0,35,42,274,21,2,5,2,335,'2011-02-15 21:29:01+00:00',solr/src/solrj/org/apache/solr/client/solrj/impl/streamingupdatesolrserver.java,0,33,9,0
17870,1,0,0,1,0,0,4,2,0,336,'2011-02-17 00:38:04+00:00',solr/src/java/org/apache/solr/schema/abstractsubtypefieldtype.java,585,1,0,0
17879,1,0,0,1,0,0,4,8,2,336,'2011-02-17 00:38:04+00:00',solr/src/java/org/apache/solr/schema/boolfield.java,585,1,0,0
17888,1,0,0,1,0,0,4,7,1,336,'2011-02-17 00:38:04+00:00',solr/src/java/org/apache/solr/schema/bytefield.java,585,1,0,0
17897,1,3,2,7,0,0,4,7,1,336,'2011-02-17 00:38:04+00:00',solr/src/java/org/apache/solr/schema/datefield.java,585,2,5,0
17906,0,0,2,2,0,0,4,6,0,336,'2011-02-17 00:38:04+00:00',solr/src/java/org/apache/solr/schema/doublefield.java,585,1,1,0
17915,1,0,0,1,0,0,4,10,2,336,'2011-02-17 00:38:04+00:00',solr/src/java/org/apache/solr/schema/fieldtype.java,585,1,0,0
17924,1,0,0,1,0,0,4,6,1,336,'2011-02-17 00:38:04+00:00',solr/src/java/org/apache/solr/schema/floatfield.java,585,1,0,0
17933,1,0,0,1,0,0,4,4,1,336,'2011-02-17 00:38:04+00:00',solr/src/java/org/apache/solr/schema/geohashfield.java,585,1,0,0
17942,1,0,0,1,0,0,4,6,1,336,'2011-02-17 00:38:04+00:00',solr/src/java/org/apache/solr/schema/intfield.java,585,1,0,0
17951,1,0,0,1,0,0,4,6,1,336,'2011-02-17 00:38:04+00:00',solr/src/java/org/apache/solr/schema/longfield.java,585,1,0,0
17959,21,0,2,26,0,0,4,5,2,336,'2011-02-17 00:38:04+00:00',solr/src/java/org/apache/solr/schema/schemafield.java,585,24,2,0
17968,0,0,2,2,0,0,4,6,0,336,'2011-02-17 00:38:04+00:00',solr/src/java/org/apache/solr/schema/shortfield.java,585,1,1,0
17977,1,0,0,1,0,0,4,10,3,336,'2011-02-17 00:38:04+00:00',solr/src/java/org/apache/solr/schema/sortabledoublefield.java,585,1,0,0
17986,1,0,0,1,0,0,4,10,3,336,'2011-02-17 00:38:04+00:00',solr/src/java/org/apache/solr/schema/sortablefloatfield.java,585,1,0,0
17995,1,0,0,1,0,0,4,10,3,336,'2011-02-17 00:38:04+00:00',solr/src/java/org/apache/solr/schema/sortableintfield.java,585,1,0,0
18004,1,0,0,1,0,0,4,11,4,336,'2011-02-17 00:38:04+00:00',solr/src/java/org/apache/solr/schema/sortablelongfield.java,585,1,0,0
18013,1,0,0,1,0,0,4,6,2,336,'2011-02-17 00:38:04+00:00',solr/src/java/org/apache/solr/schema/strfield.java,585,1,0,0
18022,1,4,0,6,0,0,4,9,5,336,'2011-02-17 00:38:04+00:00',solr/src/java/org/apache/solr/schema/triedatefield.java,585,1,5,1
18031,1,0,0,1,0,0,4,13,4,336,'2011-02-17 00:38:04+00:00',solr/src/java/org/apache/solr/schema/triefield.java,585,1,0,0
18047,0,0,8,8,0,0,4,7,1,336,'2011-02-17 00:38:04+00:00',solr/src/test/org/apache/solr/search/queryparsingtest.java,585,4,4,0
18055,0,0,10,14,0,0,4,8,2,336,'2011-02-17 00:38:04+00:00',solr/src/test/org/apache/solr/search/testindexsearcher.java,585,7,7,0
18063,15,2,9,29,0,0,4,5,0,336,'2011-02-17 00:38:04+00:00',solr/src/test/org/apache/solr/search/testquerytypes.java,585,21,8,0
18071,0,3,12,18,0,0,4,5,1,336,'2011-02-17 00:38:04+00:00',solr/src/test/org/apache/solr/search/function/sortbyfunctiontest.java,585,7,11,0
18078,0,0,12,14,0,0,4,9,2,336,'2011-02-17 00:38:04+00:00',solr/src/test/org/apache/solr/search/function/distance/distancefunctiontest.java,0,7,7,0
18095,6,5,17,34,0,1,6,4,0,338,'2011-02-19 01:49:10+00:00',solr/contrib/dataimporthandler/src/extras/main/java/org/apache/solr/handler/dataimport/tikaentityprocessor.java,0,18,16,0
18295,6,0,0,7,73,2,4,1,1,19,'2011-02-24 02:16:30+00:00',solr/src/java/org/apache/solr/analysis/pathhierarchytokenizerfactory.java,362,7,0,0
18304,8,0,2,11,59,2,4,3,0,343,'2011-02-24 02:16:30+00:00',solr/src/java/org/apache/solr/analysis/patternreplacecharfilterfactory.java,362,10,1,0
18312,8,0,0,9,67,2,4,3,0,343,'2011-02-24 02:16:30+00:00',solr/src/java/org/apache/solr/analysis/patternreplacefilterfactory.java,362,9,0,0
18321,7,0,0,8,103,2,4,5,0,343,'2011-02-24 02:16:30+00:00',solr/src/java/org/apache/solr/analysis/patterntokenizerfactory.java,362,8,0,0
18330,0,0,9,10,32,2,4,1,0,78,'2011-02-24 02:16:30+00:00',solr/src/java/org/apache/solr/analysis/persiancharfilterfactory.java,362,9,1,0
18339,0,0,11,12,31,2,4,2,1,343,'2011-02-24 02:16:30+00:00',solr/src/java/org/apache/solr/analysis/persiannormalizationfilterfactory.java,362,11,1,0
18348,8,0,0,10,101,2,4,5,1,343,'2011-02-24 02:16:30+00:00',solr/src/java/org/apache/solr/analysis/phoneticfilterfactory.java,362,10,0,0
18357,7,0,0,8,30,2,4,2,0,343,'2011-02-24 02:16:30+00:00',solr/src/java/org/apache/solr/analysis/porterstemfilterfactory.java,362,8,0,0
18366,0,0,11,12,28,2,4,1,0,224,'2011-02-24 02:16:30+00:00',solr/src/java/org/apache/solr/analysis/portugueselightstemfilterfactory.java,362,11,1,0
18375,0,0,11,12,28,2,4,1,0,224,'2011-02-24 02:16:30+00:00',solr/src/java/org/apache/solr/analysis/portugueseminimalstemfilterfactory.java,362,11,1,0
18384,0,0,11,12,28,2,4,1,0,48,'2011-02-24 02:16:30+00:00',solr/src/java/org/apache/solr/analysis/portuguesestemfilterfactory.java,362,11,1,0
18393,7,0,0,8,46,2,4,2,0,343,'2011-02-24 02:16:30+00:00',solr/src/java/org/apache/solr/analysis/positionfilterfactory.java,362,8,0,0
18402,7,0,0,8,30,2,4,3,0,343,'2011-02-24 02:16:30+00:00',solr/src/java/org/apache/solr/analysis/removeduplicatestokenfilterfactory.java,362,8,0,0
18410,0,0,8,9,35,2,4,1,0,343,'2011-02-24 02:16:30+00:00',solr/src/java/org/apache/solr/analysis/reversestringfilterfactory.java,362,8,1,0
18417,11,0,0,12,131,2,4,1,0,343,'2011-02-24 02:16:30+00:00',solr/src/java/org/apache/solr/analysis/reversedwildcardfilterfactory.java,362,12,0,0
18425,0,0,11,12,28,2,4,1,0,224,'2011-02-24 02:16:30+00:00',solr/src/java/org/apache/solr/analysis/russianlightstemfilterfactory.java,0,11,1,0
18448,0,0,6,7,0,0,5,16,9,344,'2011-02-25 00:15:42+00:00',lucene/src/java/org/apache/lucene/search/phrasequery.java,179,2,5,0
18456,2,0,6,13,0,0,5,1,0,18,'2011-02-25 00:15:42+00:00',lucene/src/test-framework/org/apache/lucene/search/checkhits.java,179,8,5,0
18464,2,0,4,8,0,0,5,14,3,344,'2011-02-25 00:15:42+00:00',lucene/src/test/org/apache/lucene/search/testexplanations.java,179,7,1,0
18472,57,0,0,58,0,0,5,7,1,344,'2011-02-25 00:15:42+00:00',lucene/src/test/org/apache/lucene/search/testsimpleexplanations.java,0,58,0,0
18495,0,0,4,4,740,22,5,13,4,345,'2011-02-25 22:42:32+00:00',solr/src/test/org/apache/solr/client/solrj/solrexampletests.java,0,2,2,0
18504,0,2,8,13,3782,11,0,90,55,346,'2011-02-27 11:02:06+00:00',lucene/src/java/org/apache/lucene/index/indexwriter.java,49,6,7,0
18526,3,0,6,11,359,13,0,3,1,346,'2011-02-27 13:31:08+00:00',solr/contrib/dataimporthandler/src/main/java/org/apache/solr/handler/dataimport/dataimporthandler.java,1161,7,4,0
18535,3,0,27,34,586,13,0,5,1,346,'2011-02-27 13:31:08+00:00',solr/contrib/dataimporthandler/src/main/java/org/apache/solr/handler/dataimport/dataimporter.java,1161,24,10,0
18543,3,1,19,26,524,13,0,3,0,346,'2011-02-27 13:31:08+00:00',solr/contrib/dataimporthandler/src/main/java/org/apache/solr/handler/dataimport/xpathentityprocessor.java,1161,22,4,0
18552,170,0,0,171,0,13,0,0,0,0,'2011-02-27 13:31:08+00:00',solr/src/common/org/apache/solr/common/util/systemidresolver.java,1161,171,0,1
18557,23,9,23,66,304,13,0,4,0,346,'2011-02-27 13:31:08+00:00',solr/src/java/org/apache/solr/core/config.java,1161,41,25,0
18565,7,5,171,201,1051,13,0,17,8,346,'2011-02-27 13:31:08+00:00',solr/src/java/org/apache/solr/core/corecontainer.java,1161,99,102,0
18573,1,0,6,7,437,13,0,11,1,346,'2011-02-27 13:31:08+00:00',solr/src/java/org/apache/solr/core/solrconfig.java,1161,4,3,0
18580,1,0,2,3,524,13,0,11,0,346,'2011-02-27 13:31:08+00:00',solr/src/java/org/apache/solr/handler/component/queryelevationcomponent.java,1161,2,1,0
18589,3,0,14,19,1268,13,0,8,3,346,'2011-02-27 13:31:08+00:00',solr/src/java/org/apache/solr/schema/indexschema.java,1161,8,11,0
18596,2,1,11,16,117,13,0,1,0,346,'2011-02-27 13:31:08+00:00',solr/src/java/org/apache/solr/util/xslt/transformerprovider.java,1161,13,3,0
18613,8,0,0,9,107,13,0,4,0,346,'2011-02-27 13:31:08+00:00',solr/src/test/org/apache/solr/outputwritertest.java,1161,9,0,0
18621,71,0,0,72,0,13,0,0,0,0,'2011-02-27 13:31:08+00:00',solr/src/test/org/apache/solr/common/util/testsystemidresolver.java,1161,72,0,0
18627,2,6,0,10,76,13,0,6,3,346,'2011-02-27 13:31:08+00:00',solr/src/test/org/apache/solr/core/testxincludeconfig.java,1161,2,8,0
18637,1,0,2,3,398,13,0,6,2,346,'2011-02-27 13:31:08+00:00',solr/src/webapp/src/org/apache/solr/servlet/solrdispatchfilter.java,0,2,1,0
18659,7,1,4,15,169,13,2,8,1,189,'2011-03-01 13:04:01+00:00',solr/src/java/org/apache/solr/spelling/suggest/suggester.java,510,12,3,0
18668,9,1,73,88,102,13,2,1,0,189,'2011-03-01 13:04:01+00:00',solr/src/java/org/apache/solr/spelling/suggest/jaspell/jaspelllookup.java,510,84,4,0
18675,9,0,0,10,827,13,2,1,1,189,'2011-03-01 13:04:01+00:00',solr/src/java/org/apache/solr/spelling/suggest/jaspell/jaspellternarysearchtrie.java,510,10,0,0
18683,9,2,88,109,89,13,2,1,1,189,'2011-03-01 13:04:01+00:00',solr/src/java/org/apache/solr/spelling/suggest/tst/tstlookup.java,510,100,9,0
18701,79,0,0,80,92,13,2,0,0,0,'2011-03-01 13:04:01+00:00',solr/src/test/org/apache/solr/spelling/suggest/persistencetest.java,510,80,0,0
18703,23,0,0,24,202,13,2,4,2,189,'2011-03-01 13:04:01+00:00',solr/src/test/org/apache/solr/spelling/suggest/suggestertest.java,0,24,0,0
18713,1,0,0,1,242,15,3,4,1,349,'2011-03-02 15:01:15+00:00',lucene/src/java/org/apache/lucene/util/indexablebinarystringtools.java,0,1,0,0
18783,0,1,0,1,271,4,4,6,2,350,'2011-03-03 04:44:00+00:00',solr/src/java/org/apache/solr/schema/schemafield.java,59,0,1,0
18791,0,0,12,13,213,4,4,10,6,350,'2011-03-03 04:44:00+00:00',solr/src/java/org/apache/solr/schema/triedatefield.java,59,12,1,1
18799,0,0,2,4,610,4,4,14,4,350,'2011-03-03 04:44:00+00:00',solr/src/java/org/apache/solr/schema/triefield.java,0,2,2,0
18118,0,0,2,2,0,18,0,2,1,270,'2011-02-20 18:59:07+00:00',lucene/contrib/demo/src/java/org/apache/lucene/demo/indexfiles.java,75,1,1,0
18125,0,0,2,2,0,18,0,8,0,270,'2011-02-20 18:59:07+00:00',lucene/contrib/demo/src/java/org/apache/lucene/demo/searchfiles.java,75,1,1,0
18161,1,0,10,16,1323,15,1,8,3,70,'2011-02-21 15:14:46+00:00',lucene/src/test/org/apache/lucene/util/automaton/fst/testfsts.java,0,9,7,0
18180,1,0,2,3,33,18,1,1,0,340,'2011-02-21 18:50:39+00:00',lucene/src/java/org/apache/lucene/index/docconsumerperthread.java,2158,2,1,0
18189,0,5,0,7,46,18,1,2,1,340,'2011-02-21 18:50:39+00:00',lucene/src/java/org/apache/lucene/index/docfieldconsumer.java,2158,0,7,0
18198,0,2,5,8,84,18,1,7,3,340,'2011-02-21 18:50:39+00:00',lucene/src/java/org/apache/lucene/index/docfieldprocessor.java,2158,2,6,0
18206,1,14,33,51,337,18,1,4,1,340,'2011-02-21 18:50:39+00:00',lucene/src/java/org/apache/lucene/index/docfieldprocessorperthread.java,2158,10,41,0
18214,0,6,0,7,91,18,1,2,1,340,'2011-02-21 18:50:39+00:00',lucene/src/java/org/apache/lucene/index/docinverter.java,2158,0,7,0
18223,4,3,10,20,1216,18,1,37,20,340,'2011-02-21 18:50:39+00:00',lucene/src/java/org/apache/lucene/index/documentswriter.java,2158,11,9,0
18232,9,0,4,15,92,18,1,4,2,340,'2011-02-21 18:50:39+00:00',lucene/src/java/org/apache/lucene/index/fieldinfo.java,2158,13,2,0
18240,34,2,124,185,359,18,1,8,8,340,'2011-02-21 18:50:39+00:00',lucene/src/java/org/apache/lucene/index/fieldinfos.java,2158,152,33,1
18249,0,3,6,9,187,18,1,6,2,340,'2011-02-21 18:50:39+00:00',lucene/src/java/org/apache/lucene/index/fieldswriter.java,2158,3,6,0
18258,1,7,19,35,3787,18,1,89,54,340,'2011-02-21 18:50:39+00:00',lucene/src/java/org/apache/lucene/index/indexwriter.java,2158,15,20,1
18267,0,5,0,6,44,18,1,2,1,340,'2011-02-21 18:50:39+00:00',lucene/src/java/org/apache/lucene/index/inverteddocconsumer.java,2158,0,6,0
18276,0,1,0,1,29,18,1,2,1,340,'2011-02-21 18:50:39+00:00',lucene/src/java/org/apache/lucene/index/inverteddocendconsumer.java,2158,0,1,0
18285,0,6,9,19,175,18,1,6,1,340,'2011-02-21 18:50:39+00:00',lucene/src/java/org/apache/lucene/index/normswriter.java,2158,4,15,0
18293,0,1,8,10,227,18,1,5,1,103,'2011-02-21 18:50:39+00:00',lucene/src/java/org/apache/lucene/index/perfieldcodecwrapper.java,2158,4,6,0
18302,0,1,7,10,133,18,1,3,1,103,'2011-02-21 18:50:39+00:00',lucene/src/java/org/apache/lucene/index/segmentcodecs.java,2158,4,6,0
18310,20,8,117,173,694,18,1,21,18,340,'2011-02-21 18:50:39+00:00',lucene/src/java/org/apache/lucene/index/segmentinfo.java,2158,107,66,1
18319,10,10,0,22,903,18,1,19,7,340,'2011-02-21 18:50:39+00:00',lucene/src/java/org/apache/lucene/index/segmentinfos.java,2158,11,11,0
18327,3,3,18,29,616,18,1,21,19,340,'2011-02-21 18:50:39+00:00',lucene/src/java/org/apache/lucene/index/segmentmerger.java,2158,13,16,1
18336,3,3,20,34,1212,18,1,22,10,340,'2011-02-21 18:50:39+00:00',lucene/src/java/org/apache/lucene/index/segmentreader.java,2158,15,19,0
18346,0,2,4,6,155,18,1,6,3,340,'2011-02-21 18:50:39+00:00',lucene/src/java/org/apache/lucene/index/storedfieldswriter.java,2158,2,4,0
18355,0,0,2,2,79,18,1,1,0,340,'2011-02-21 18:50:39+00:00',lucene/src/java/org/apache/lucene/index/storedfieldswriterperthread.java,2158,1,1,0
18364,0,5,0,6,119,18,1,4,2,340,'2011-02-21 18:50:39+00:00',lucene/src/java/org/apache/lucene/index/termshash.java,2158,0,6,0
18373,0,5,0,6,34,18,1,3,1,340,'2011-02-21 18:50:39+00:00',lucene/src/java/org/apache/lucene/index/termshashconsumer.java,2158,0,6,0
18382,2,1,16,22,1113,18,1,14,6,320,'2011-02-21 18:50:39+00:00',lucene/src/java/org/apache/lucene/index/codecs/preflex/preflexfields.java,2158,10,12,0
18391,0,0,4,5,695,18,1,35,16,340,'2011-02-21 18:50:39+00:00',lucene/src/test/org/apache/lucene/index/testbackwardscompatibility.java,2158,2,3,0
18400,4,2,8,16,605,18,1,25,8,320,'2011-02-21 18:50:39+00:00',lucene/src/test/org/apache/lucene/index/testcodecs.java,2158,9,7,0
18408,221,0,0,222,0,18,1,0,0,0,'2011-02-21 18:50:39+00:00',lucene/src/test/org/apache/lucene/index/testconsistentfieldnumbers.java,2158,222,0,0
18413,0,0,2,4,253,18,1,20,9,340,'2011-02-21 18:50:39+00:00',lucene/src/test/org/apache/lucene/index/testdoc.java,2158,2,2,0
18420,3,3,2,9,327,18,1,14,4,340,'2011-02-21 18:50:39+00:00',lucene/src/test/org/apache/lucene/index/testdocumentwriter.java,2158,4,5,0
18428,0,0,4,5,233,18,1,18,10,340,'2011-02-21 18:50:39+00:00',lucene/src/test/org/apache/lucene/index/testindexfiledeleter.java,2158,2,3,0
18435,0,0,2,2,315,18,1,7,2,103,'2011-02-21 18:50:39+00:00',lucene/src/test/org/apache/lucene/index/testperfieldcodecsupport.java,2158,1,1,0
18443,0,0,2,4,130,18,1,18,5,340,'2011-02-21 18:50:39+00:00',lucene/src/test/org/apache/lucene/index/testsegmentmerger.java,0,2,2,0
18457,0,0,4,4,826,3,5,18,8,344,'2011-02-25 03:44:36+00:00',lucene/src/java/org/apache/lucene/search/indexsearcher.java,43,2,2,0
18465,0,0,2,2,817,3,5,5,4,74,'2011-02-25 03:44:36+00:00',lucene/src/java/org/apache/lucene/util/automaton/fst/fst.java,0,1,1,0
18482,0,0,11,14,424,23,5,6,2,345,'2011-02-25 23:44:59+00:00',solr/src/java/org/apache/solr/response/phpserializedresponsewriter.java,0,4,10,1
18490,0,1,15,20,165,17,6,7,4,325,'2011-02-26 17:05:52+00:00',lucene/src/java/org/apache/lucene/index/codecs/pulsing/pulsingcodec.java,0,9,11,0
18498,53,0,12,68,817,17,6,6,4,76,'2011-02-26 17:11:08+00:00',lucene/src/java/org/apache/lucene/util/automaton/fst/fst.java,146,59,9,0
18506,0,0,8,9,483,17,6,1,1,52,'2011-02-26 17:11:08+00:00',lucene/src/java/org/apache/lucene/util/automaton/fst/fstenum.java,0,2,7,0
18524,0,0,6,6,538,14,0,2,2,346,'2011-02-27 14:41:26+00:00',lucene/src/java/org/apache/lucene/util/attributesource.java,52,3,3,0
18533,3,0,0,3,600,17,0,6,1,346,'2011-02-27 17:14:45+00:00',solr/contrib/dataimporthandler/src/main/java/org/apache/solr/handler/dataimport/dataimporter.java,336,3,0,0
18541,3,0,0,3,542,17,0,4,0,346,'2011-02-27 17:14:45+00:00',solr/contrib/dataimporthandler/src/main/java/org/apache/solr/handler/dataimport/xpathentityprocessor.java,336,3,0,0
18550,5,0,0,7,644,17,0,2,0,346,'2011-02-27 17:14:45+00:00',solr/contrib/dataimporthandler/src/main/java/org/apache/solr/handler/dataimport/xpathrecordreader.java,336,7,0,0
18560,71,0,0,72,77,17,0,0,0,0,'2011-02-27 17:14:45+00:00',solr/src/common/org/apache/solr/common/util/xmlerrorlogger.java,336,72,0,1
18564,3,0,0,3,320,17,0,5,0,346,'2011-02-27 17:14:45+00:00',solr/src/java/org/apache/solr/core/config.java,336,3,0,0
18572,3,0,0,3,361,17,0,6,0,346,'2011-02-27 17:14:45+00:00',solr/src/java/org/apache/solr/handler/documentanalysisrequesthandler.java,336,3,0,0
18579,3,0,0,3,112,17,0,8,0,346,'2011-02-27 17:14:45+00:00',solr/src/java/org/apache/solr/handler/xmlupdaterequesthandler.java,336,3,0,0
18588,3,2,2,11,127,17,0,2,0,346,'2011-02-27 17:14:45+00:00',solr/src/java/org/apache/solr/util/xslt/transformerprovider.java,336,6,5,0
18595,3,0,0,3,444,17,0,3,0,346,'2011-02-27 17:14:45+00:00',solr/src/solrj/org/apache/solr/client/solrj/impl/xmlresponseparser.java,0,3,0,0
18604,1,1,2,4,3787,17,1,93,56,347,'2011-02-28 17:38:33+00:00',lucene/src/java/org/apache/lucene/index/indexwriter.java,0,2,2,0
18626,1,6,10,19,0,1,2,9,2,348,'2011-03-01 01:09:57+00:00',solr/src/common/org/apache/solr/common/params/facetparams.java,177,7,12,0
18636,0,0,10,12,0,1,2,27,6,348,'2011-03-01 01:09:57+00:00',solr/src/java/org/apache/solr/request/simplefacets.java,177,10,2,0
18646,5,0,21,32,0,1,2,11,4,348,'2011-03-01 01:09:57+00:00',solr/src/test/org/apache/solr/request/simplefacetstest.java,0,16,16,0
18666,0,0,3,4,106,15,2,2,0,279,'2011-03-01 15:47:14+00:00',modules/analysis/common/src/java/org/apache/lucene/collation/collationkeyfilter.java,230,3,1,0
18673,0,0,3,4,48,15,2,1,1,1,'2011-03-01 15:47:14+00:00',modules/analysis/common/src/java/org/apache/lucene/collation/tokenattributes/collatedtermattributeimpl.java,230,3,1,0
18681,75,0,0,78,255,15,2,5,1,279,'2011-03-01 15:47:14+00:00',modules/analysis/common/src/test/org/apache/lucene/collation/collationtestbase.java,230,78,0,1
18689,9,0,0,10,86,15,2,4,1,279,'2011-03-01 15:47:14+00:00',modules/analysis/common/src/test/org/apache/lucene/collation/testcollationkeyanalyzer.java,230,10,0,0
18697,0,0,6,7,109,15,2,4,0,285,'2011-03-01 15:47:14+00:00',modules/analysis/icu/src/java/org/apache/lucene/collation/icucollationkeyfilter.java,230,6,1,0
18706,0,0,6,7,50,15,2,1,1,1,'2011-03-01 15:47:14+00:00',modules/analysis/icu/src/java/org/apache/lucene/collation/tokenattributes/icucollatedtermattributeimpl.java,230,6,1,0
18714,9,0,0,10,87,15,2,3,0,285,'2011-03-01 15:47:14+00:00',modules/analysis/icu/src/test/org/apache/lucene/collation/testicucollationkeyanalyzer.java,0,10,0,0
18732,1,0,0,1,196,17,3,3,2,23,'2011-03-02 17:55:31+00:00',lucene/src/test-framework/org/apache/lucene/index/randomindexwriter.java,123,1,0,0
18740,0,0,2,2,113,17,3,2,0,23,'2011-03-02 17:55:31+00:00',lucene/src/test-framework/org/apache/lucene/index/codecs/mocksep/mocksingleintindexinput.java,123,1,1,0
18748,0,0,2,2,503,17,3,2,0,23,'2011-03-02 17:55:31+00:00',lucene/src/test-framework/org/apache/lucene/search/checkhits.java,123,1,1,0
18756,0,0,16,18,1283,17,3,3,1,23,'2011-03-02 17:55:31+00:00',lucene/src/test-framework/org/apache/lucene/util/lucenetestcase.java,123,9,9,0
18775,22,0,12,41,0,22,3,12,2,350,'2011-03-02 22:14:17+00:00',solr/src/java/org/apache/solr/schema/fieldtype.java,206,37,4,0
18782,8,0,0,9,0,22,3,7,2,350,'2011-03-02 22:14:17+00:00',solr/src/java/org/apache/solr/schema/textfield.java,206,9,0,0
18794,5,0,2,9,0,22,3,6,4,350,'2011-03-02 22:14:17+00:00',solr/src/test/org/apache/solr/schema/badindexschematest.java,0,8,1,0
18880,14,4,119,148,0,20,1,3,1,355,'2011-03-07 20:34:03+00:00',solr/src/java/org/apache/solr/update/documentbuilder.java,244,79,69,0
18886,33,0,0,34,0,20,1,3,1,355,'2011-03-07 20:34:03+00:00',solr/src/test/org/apache/solr/update/documentbuildertest.java,0,34,0,0
18904,0,0,4,8,0,21,2,14,4,356,'2011-03-08 21:00:24+00:00',solr/src/test/org/apache/solr/client/solrj/solrexampletests.java,0,4,4,0
18952,0,0,2,2,538,9,3,2,2,356,'2011-03-09 09:18:56+00:00',lucene/contrib/highlighter/src/java/org/apache/lucene/search/highlight/highlighter.java,497,1,1,0
18961,0,0,2,2,265,9,3,6,5,356,'2011-03-09 09:18:56+00:00',lucene/contrib/misc/src/java/org/apache/lucene/misc/highfreqterms.java,497,1,1,0
18969,0,0,2,2,375,9,3,10,5,356,'2011-03-09 09:18:56+00:00',lucene/contrib/queries/src/java/org/apache/lucene/search/fuzzylikethisquery.java,497,1,1,0
18978,0,0,2,2,1032,9,3,6,2,356,'2011-03-09 09:18:56+00:00',lucene/contrib/queries/src/java/org/apache/lucene/search/similar/morelikethis.java,497,1,1,0
18986,0,0,4,4,63,9,3,2,2,356,'2011-03-09 09:18:56+00:00',lucene/contrib/spellchecker/src/java/org/apache/lucene/search/spell/suggestwordqueue.java,497,2,2,0
18113,6,0,10,21,156,13,0,1,0,13,'2011-02-20 13:25:51+00:00',lucene/src/test-framework/org/apache/lucene/analysis/mockanalyzer.java,384,15,6,0
18116,6,0,0,7,101,13,0,1,0,13,'2011-02-20 13:25:51+00:00',lucene/src/test-framework/org/apache/lucene/analysis/mocktokenfilter.java,384,7,0,0
18123,0,0,6,6,83,13,0,1,0,13,'2011-02-20 13:25:51+00:00',lucene/src/test-framework/org/apache/lucene/analysis/mocktokenizer.java,384,3,3,1
18129,15,0,0,19,177,13,0,2,1,13,'2011-02-20 13:25:51+00:00',lucene/src/test-framework/org/apache/lucene/index/randomindexwriter.java,384,19,0,0
18137,11,0,0,12,550,13,0,1,0,13,'2011-02-20 13:25:51+00:00',lucene/src/test-framework/org/apache/lucene/store/mockdirectorywrapper.java,384,12,0,0
18145,0,0,8,12,180,13,0,1,0,13,'2011-02-20 13:25:51+00:00',lucene/src/test-framework/org/apache/lucene/util/linefiledocs.java,384,6,6,0
18153,21,0,6,36,1253,13,0,2,0,13,'2011-02-20 13:25:51+00:00',lucene/src/test-framework/org/apache/lucene/util/lucenetestcase.java,384,33,3,1
18160,4,0,2,10,322,13,0,2,0,13,'2011-02-20 13:25:51+00:00',lucene/src/test-framework/org/apache/lucene/util/_testutil.java,384,8,2,0
18168,0,0,4,6,376,13,0,1,0,13,'2011-02-20 13:25:51+00:00',lucene/src/test-framework/org/apache/lucene/util/automaton/automatontestutil.java,384,3,3,0
18175,11,0,8,21,511,9,3,3,2,72,'2011-02-23 09:35:24+00:00',lucene/src/java/org/apache/lucene/util/automaton/fst/builder.java,318,17,4,0
18182,36,0,20,60,769,9,3,4,3,72,'2011-02-23 09:35:24+00:00',lucene/src/java/org/apache/lucene/util/automaton/fst/fst.java,318,54,6,0
18191,1,0,10,14,320,9,3,2,2,48,'2011-02-23 09:35:24+00:00',lucene/src/java/org/apache/lucene/util/automaton/fst/util.java,318,10,4,0
18199,81,0,0,82,1325,9,3,9,3,72,'2011-02-23 09:35:24+00:00',lucene/src/test/org/apache/lucene/util/automaton/fst/testfsts.java,0,82,0,0
18221,0,0,6,6,124,17,3,1,1,342,'2011-02-23 17:55:54+00:00',lucene/src/java/org/apache/lucene/util/smallfloat.java,124,3,3,0
18230,31,0,4,41,107,17,3,4,1,342,'2011-02-23 17:55:54+00:00',lucene/src/test/org/apache/lucene/util/testsmallfloat.java,0,37,4,0
18241,6,0,0,7,80,21,3,8,3,343,'2011-02-23 21:02:39+00:00',lucene/src/java/org/apache/lucene/index/docfieldprocessor.java,45,7,0,0
18250,7,0,0,8,477,21,3,10,9,343,'2011-02-23 21:02:39+00:00',lucene/src/java/org/apache/lucene/index/fieldinfos.java,0,8,0,0
18259,15,5,0,22,140,21,3,5,1,343,'2011-02-23 21:42:42+00:00',lucene/src/test/org/apache/lucene/util/testsmallfloat.java,0,16,6,0
18268,0,0,12,13,74,1,4,5,1,343,'2011-02-24 01:40:58+00:00',solr/src/java/org/apache/solr/analysis/shinglefilterfactory.java,365,12,1,0
18277,6,0,0,7,84,1,4,5,2,343,'2011-02-24 01:40:58+00:00',solr/src/java/org/apache/solr/analysis/snowballporterfilterfactory.java,365,7,0,0
18286,0,0,11,12,28,1,4,1,0,224,'2011-02-24 01:40:58+00:00',solr/src/java/org/apache/solr/analysis/spanishlightstemfilterfactory.java,365,11,1,0
18294,7,0,0,8,38,1,4,2,1,343,'2011-02-24 01:40:58+00:00',solr/src/java/org/apache/solr/analysis/standardfilterfactory.java,365,8,0,0
18303,6,0,0,7,48,1,4,3,1,343,'2011-02-24 01:40:58+00:00',solr/src/java/org/apache/solr/analysis/standardtokenizerfactory.java,365,7,0,0
18311,0,0,9,10,68,1,4,2,1,328,'2011-02-24 01:40:58+00:00',solr/src/java/org/apache/solr/analysis/stemmeroverridefilterfactory.java,365,9,1,0
18320,0,0,11,12,28,1,4,1,0,224,'2011-02-24 01:40:58+00:00',solr/src/java/org/apache/solr/analysis/swedishlightstemfilterfactory.java,365,11,1,0
18329,8,0,0,9,171,1,4,5,1,343,'2011-02-24 01:40:58+00:00',solr/src/java/org/apache/solr/analysis/synonymfilterfactory.java,365,9,0,0
18338,0,0,11,12,32,1,4,3,0,343,'2011-02-24 01:40:58+00:00',solr/src/java/org/apache/solr/analysis/thaiwordfilterfactory.java,365,11,1,0
18347,0,0,11,12,31,1,4,2,1,343,'2011-02-24 01:40:58+00:00',solr/src/java/org/apache/solr/analysis/tokenoffsetpayloadtokenfilterfactory.java,365,11,1,0
18356,7,0,0,8,52,1,4,3,0,343,'2011-02-24 01:40:58+00:00',solr/src/java/org/apache/solr/analysis/trimfilterfactory.java,365,8,0,0
18365,0,0,11,12,28,1,4,2,0,343,'2011-02-24 01:40:58+00:00',solr/src/java/org/apache/solr/analysis/turkishlowercasefilterfactory.java,365,11,1,0
18374,0,0,11,12,31,1,4,2,1,343,'2011-02-24 01:40:58+00:00',solr/src/java/org/apache/solr/analysis/typeaspayloadtokenfilterfactory.java,365,11,1,0
18383,6,0,0,7,51,1,4,2,1,78,'2011-02-24 01:40:58+00:00',solr/src/java/org/apache/solr/analysis/uax29urlemailtokenizerfactory.java,365,7,0,0
18392,6,0,0,7,38,1,4,3,1,343,'2011-02-24 01:40:58+00:00',solr/src/java/org/apache/solr/analysis/whitespacetokenizerfactory.java,365,7,0,0
18401,0,0,10,11,31,1,4,1,1,320,'2011-02-24 01:40:58+00:00',solr/src/java/org/apache/solr/analysis/wikipediatokenizerfactory.java,365,10,1,0
18409,10,0,0,11,182,1,4,5,2,343,'2011-02-24 01:40:58+00:00',solr/src/java/org/apache/solr/analysis/worddelimiterfilterfactory.java,0,11,0,0
18431,1,2,0,5,734,22,4,9,1,344,'2011-02-24 22:29:35+00:00',solr/src/java/org/apache/solr/handler/component/facetcomponent.java,54,2,3,1
18438,1,0,0,1,217,22,4,13,1,344,'2011-02-24 22:29:35+00:00',solr/src/test/org/apache/solr/testdistributedsearch.java,0,1,0,1
18449,0,0,2,2,140,1,5,4,2,324,'2011-02-25 01:55:13+00:00',lucene/src/java/org/apache/lucene/store/dataoutput.java,0,1,1,0
18458,0,0,2,2,0,14,5,6,1,146,'2011-02-25 14:03:12+00:00',lucene/src/java/org/apache/lucene/util/bytesrefhash.java,0,1,1,0
18534,0,2,27,33,140,15,0,3,1,34,'2011-02-27 15:03:03+00:00',solr/contrib/uima/src/test/java/org/apache/solr/uima/processor/uimaupdaterequestprocessortest.java,688,13,20,0
18593,0,0,62,67,72,11,1,1,1,0,'2011-02-28 11:03:05+00:00',solr/src/common/org/apache/solr/common/util/xmlerrorlogger.java,0,36,31,0
18618,0,1,2,3,34,16,1,2,0,347,'2011-02-28 16:33:16+00:00',lucene/src/java/org/apache/lucene/index/docconsumerperthread.java,2175,1,2,0
18628,5,0,0,7,39,16,1,3,1,347,'2011-02-28 16:33:16+00:00',lucene/src/java/org/apache/lucene/index/docfieldconsumer.java,2175,7,0,0
18638,2,0,11,15,87,16,1,9,3,347,'2011-02-28 16:33:16+00:00',lucene/src/java/org/apache/lucene/index/docfieldprocessor.java,2175,6,9,0
18647,14,1,33,51,306,16,1,5,1,347,'2011-02-28 16:33:16+00:00',lucene/src/java/org/apache/lucene/index/docfieldprocessorperthread.java,2175,41,10,0
18655,6,0,0,7,84,16,1,3,1,347,'2011-02-28 16:33:16+00:00',lucene/src/java/org/apache/lucene/index/docinverter.java,2175,7,0,0
18663,3,4,10,20,1218,16,1,38,20,347,'2011-02-28 16:33:16+00:00',lucene/src/java/org/apache/lucene/index/documentswriter.java,2175,9,11,0
18671,0,9,4,15,103,16,1,5,2,347,'2011-02-28 16:33:16+00:00',lucene/src/java/org/apache/lucene/index/fieldinfo.java,2175,2,13,0
18679,2,41,123,192,485,16,1,11,9,347,'2011-02-28 16:33:16+00:00',lucene/src/java/org/apache/lucene/index/fieldinfos.java,2175,33,159,0
18687,3,0,6,9,184,16,1,7,3,347,'2011-02-28 16:33:16+00:00',lucene/src/java/org/apache/lucene/index/fieldswriter.java,2175,6,3,0
18696,5,1,28,41,3782,16,1,92,55,347,'2011-02-28 16:33:16+00:00',lucene/src/java/org/apache/lucene/index/indexwriter.java,2175,23,18,1
18705,5,0,0,6,38,16,1,3,1,347,'2011-02-28 16:33:16+00:00',lucene/src/java/org/apache/lucene/index/inverteddocconsumer.java,2175,6,0,0
18712,1,0,0,1,28,16,1,3,1,347,'2011-02-28 16:33:16+00:00',lucene/src/java/org/apache/lucene/index/inverteddocendconsumer.java,2175,1,0,0
18720,6,0,9,19,164,16,1,7,1,347,'2011-02-28 16:33:16+00:00',lucene/src/java/org/apache/lucene/index/normswriter.java,2175,15,4,0
18728,1,0,8,10,225,16,1,6,1,109,'2011-02-28 16:33:16+00:00',lucene/src/java/org/apache/lucene/index/perfieldcodecwrapper.java,2175,6,4,0
18736,1,0,7,10,131,16,1,4,1,109,'2011-02-28 16:33:16+00:00',lucene/src/java/org/apache/lucene/index/segmentcodecs.java,2175,6,4,0
18744,8,20,117,173,735,16,1,22,19,347,'2011-02-28 16:33:16+00:00',lucene/src/java/org/apache/lucene/index/segmentinfo.java,2175,66,107,1
18752,10,10,0,22,903,16,1,20,7,347,'2011-02-28 16:33:16+00:00',lucene/src/java/org/apache/lucene/index/segmentinfos.java,2175,11,11,0
18759,3,3,18,29,613,16,1,22,20,347,'2011-02-28 16:33:16+00:00',lucene/src/java/org/apache/lucene/index/segmentmerger.java,2175,16,13,0
18766,3,3,20,34,1208,16,1,23,10,347,'2011-02-28 16:33:16+00:00',lucene/src/java/org/apache/lucene/index/segmentreader.java,2175,19,15,0
18774,2,0,4,6,153,16,1,7,4,347,'2011-02-28 16:33:16+00:00',lucene/src/java/org/apache/lucene/index/storedfieldswriter.java,2175,4,2,0
18781,0,0,2,2,79,16,1,2,0,347,'2011-02-28 16:33:16+00:00',lucene/src/java/org/apache/lucene/index/storedfieldswriterperthread.java,2175,1,1,0
18789,5,0,0,6,113,16,1,5,2,347,'2011-02-28 16:33:16+00:00',lucene/src/java/org/apache/lucene/index/termshash.java,2175,6,0,0
18798,5,0,0,6,28,16,1,4,1,347,'2011-02-28 16:33:16+00:00',lucene/src/java/org/apache/lucene/index/termshashconsumer.java,2175,6,0,0
18805,4,3,10,22,1111,16,1,15,6,327,'2011-02-28 16:33:16+00:00',lucene/src/java/org/apache/lucene/index/codecs/preflex/preflexfields.java,2175,12,10,0
18813,0,0,4,5,694,16,1,36,16,347,'2011-02-28 16:33:16+00:00',lucene/src/test/org/apache/lucene/index/testbackwardscompatibility.java,2175,3,2,0
18821,2,4,8,16,607,16,1,26,8,327,'2011-02-28 16:33:16+00:00',lucene/src/test/org/apache/lucene/index/testcodecs.java,2175,7,9,1
18827,0,221,0,222,222,16,1,1,0,6,'2011-02-28 16:33:16+00:00',lucene/src/test/org/apache/lucene/index/testconsistentfieldnumbers.java,2175,0,222,0
18830,0,0,2,4,253,16,1,21,9,347,'2011-02-28 16:33:16+00:00',lucene/src/test/org/apache/lucene/index/testdoc.java,2175,2,2,0
18835,3,3,2,9,326,16,1,15,4,347,'2011-02-28 16:33:16+00:00',lucene/src/test/org/apache/lucene/index/testdocumentwriter.java,2175,5,4,0
18841,0,0,4,5,232,16,1,19,10,347,'2011-02-28 16:33:16+00:00',lucene/src/test/org/apache/lucene/index/testindexfiledeleter.java,2175,3,2,0
18848,0,0,2,2,315,16,1,8,2,109,'2011-02-28 16:33:16+00:00',lucene/src/test/org/apache/lucene/index/testperfieldcodecsupport.java,2175,1,1,0
18853,0,0,2,4,130,16,1,19,5,347,'2011-02-28 16:33:16+00:00',lucene/src/test/org/apache/lucene/index/testsegmentmerger.java,2175,2,2,0
18922,3,0,0,4,446,9,3,10,2,356,'2011-03-09 09:54:19+00:00',lucene/src/java/org/apache/lucene/search/sortfield.java,24,4,0,0
18931,11,0,0,12,397,15,3,6,0,356,'2011-03-09 15:12:16+00:00',solr/src/test/org/apache/solr/search/testfastlrucache.java,0,12,0,0
18949,86,0,0,88,740,19,3,15,4,356,'2011-03-09 19:19:29+00:00',solr/src/test/org/apache/solr/client/solrj/solrexampletests.java,190,88,0,0
18959,6,0,7,16,399,19,3,7,3,356,'2011-03-09 19:19:29+00:00',solr/src/webapp/src/org/apache/solr/servlet/solrdispatchfilter.java,0,14,2,0
19044,0,2,0,2,243,20,5,4,1,149,'2011-03-11 20:46:07+00:00',solr/src/test/org/apache/solr/cloud/zksolrclienttest.java,0,0,2,0
19054,0,0,2,3,1283,1,6,6,3,33,'2011-03-12 01:35:49+00:00',lucene/src/test-framework/org/apache/lucene/util/lucenetestcase.java,0,2,1,0
19084,0,0,2,3,1691,23,6,32,21,360,'2011-03-12 23:22:26+00:00',lucene/src/java/org/apache/lucene/index/indexreader.java,99,2,1,0
19093,0,0,2,2,3787,23,6,94,57,360,'2011-03-12 23:22:26+00:00',lucene/src/java/org/apache/lucene/index/indexwriter.java,99,1,1,0
19102,4,0,0,5,616,23,6,23,20,360,'2011-03-12 23:22:26+00:00',lucene/src/java/org/apache/lucene/index/segmentmerger.java,99,5,0,0
19111,0,8,12,23,1212,23,6,24,10,360,'2011-03-12 23:22:26+00:00',lucene/src/java/org/apache/lucene/index/segmentreader.java,0,9,14,0
19128,127,4,8,145,2915,16,2,85,45,362,'2011-03-15 16:11:21+00:00',lucene/src/test/org/apache/lucene/index/testindexwriter.java,0,134,11,0
19139,12,0,5,20,197,16,3,4,2,37,'2011-03-16 16:30:10+00:00',lucene/src/test-framework/org/apache/lucene/index/randomindexwriter.java,0,17,3,0
19246,290,0,0,291,0,15,4,0,0,0,'2011-03-17 15:34:21+00:00',dev-tools/validation/src/main/java/org/apache/lucene/validation/dependencychecker.java,975,291,0,0
17741,0,1,2,3,0,23,0,5,1,125,'2011-02-13 23:09:50+00:00',solr/src/java/org/apache/solr/spelling/spellcheckcollator.java,0,1,2,0
17751,0,0,3,4,634,22,1,8,2,334,'2011-02-14 22:56:35+00:00',solr/src/java/org/apache/solr/update/directupdatehandler2.java,0,3,1,0
17770,1,0,0,1,1160,13,2,11,1,334,'2011-02-15 13:10:29+00:00',solr/src/java/org/apache/solr/search/extendeddismaxqparserplugin.java,0,1,0,0
17780,0,0,6,7,700,1,3,11,0,335,'2011-02-16 01:44:33+00:00',solr/src/java/org/apache/solr/core/solrresourceloader.java,26,1,6,0
17790,0,0,3,4,205,20,3,1,1,316,'2011-02-16 20:19:46+00:00',lucene/src/java/org/apache/lucene/index/codecs/sep/sepskiplistreader.java,38,3,1,0
17799,0,0,3,4,197,20,3,1,0,316,'2011-02-16 20:19:46+00:00',lucene/src/java/org/apache/lucene/index/codecs/sep/sepskiplistwriter.java,0,3,1,0
17819,0,0,2,2,46,21,3,5,0,336,'2011-02-16 21:56:34+00:00',solr/contrib/dataimporthandler/src/extras/test/java/org/apache/solr/handler/dataimport/testtikaentityprocessor.java,49,1,1,0
17828,0,0,2,2,379,21,3,5,0,218,'2011-02-16 21:56:34+00:00',solr/contrib/dataimporthandler/src/test/java/org/apache/solr/handler/dataimport/abstractdataimporthandlertestcase.java,0,1,1,0
17850,27,0,14,45,1023,23,3,8,4,336,'2011-02-16 23:01:41+00:00',solr/contrib/dataimporthandler/src/main/java/org/apache/solr/handler/dataimport/docbuilder.java,261,42,3,0
17858,144,0,0,145,145,23,3,0,0,0,'2011-02-16 23:01:41+00:00',solr/contrib/dataimporthandler/src/test/java/org/apache/solr/handler/dataimport/testsqlentityprocessordeltaprefixedpk.java,0,145,0,0
17867,0,1,2,3,142,10,4,4,3,222,'2011-02-17 10:31:59+00:00',lucene/contrib/misc/src/java/org/apache/lucene/index/codecs/appending/appendingcodec.java,1015,1,2,0
17876,0,2,4,6,56,10,4,5,2,222,'2011-02-17 10:31:59+00:00',lucene/contrib/misc/src/java/org/apache/lucene/index/codecs/appending/appendingtermsdictreader.java,1015,2,4,0
17885,0,2,4,8,49,10,4,3,0,222,'2011-02-17 10:31:59+00:00',lucene/contrib/misc/src/java/org/apache/lucene/index/codecs/appending/appendingtermsdictwriter.java,1015,3,5,0
17894,4,0,0,5,33,10,4,1,0,35,'2011-02-17 10:31:59+00:00',lucene/src/java/org/apache/lucene/index/ordtermstate.java,1015,5,0,0
17903,0,0,6,7,46,10,4,1,0,35,'2011-02-17 10:31:59+00:00',lucene/src/java/org/apache/lucene/index/termstate.java,1015,6,1,0
17911,0,0,2,2,56,10,4,2,0,27,'2011-02-17 10:31:59+00:00',lucene/src/java/org/apache/lucene/index/codecs/blocktermstate.java,1015,1,1,0
17920,14,13,193,234,742,10,4,4,1,27,'2011-02-17 10:31:59+00:00',lucene/src/java/org/apache/lucene/index/codecs/blocktermsreader.java,1015,185,49,0
17929,1,2,14,21,316,10,4,1,0,27,'2011-02-17 10:31:59+00:00',lucene/src/java/org/apache/lucene/index/codecs/blocktermswriter.java,1015,10,11,0
17938,0,1,2,3,166,10,4,6,4,316,'2011-02-17 10:31:59+00:00',lucene/src/java/org/apache/lucene/index/codecs/pulsing/pulsingcodec.java,1015,1,2,0
17947,0,0,2,2,482,10,4,10,5,316,'2011-02-17 10:31:59+00:00',lucene/src/java/org/apache/lucene/index/codecs/pulsing/pulsingpostingsreaderimpl.java,1015,1,1,0
17956,0,2,2,4,152,10,4,6,4,316,'2011-02-17 10:31:59+00:00',lucene/src/java/org/apache/lucene/index/codecs/standard/standardcodec.java,1015,1,3,0
17965,0,1,2,3,202,10,4,1,0,10,'2011-02-17 10:31:59+00:00',lucene/src/test-framework/org/apache/lucene/index/codecs/mockintblock/mockfixedintblockcodec.java,1015,1,2,0
17974,0,1,2,3,227,10,4,1,0,10,'2011-02-17 10:31:59+00:00',lucene/src/test-framework/org/apache/lucene/index/codecs/mockintblock/mockvariableintblockcodec.java,1015,1,2,0
17983,0,1,2,3,355,10,4,3,2,10,'2011-02-17 10:31:59+00:00',lucene/src/test-framework/org/apache/lucene/index/codecs/mockrandom/mockrandomcodec.java,1015,1,2,0
17992,0,1,2,3,150,10,4,1,0,10,'2011-02-17 10:31:59+00:00',lucene/src/test-framework/org/apache/lucene/index/codecs/mocksep/mocksepcodec.java,1015,1,2,0
18001,2,150,9,167,721,10,4,24,5,316,'2011-02-17 10:31:59+00:00',lucene/src/test/org/apache/lucene/testexternalcodecs.java,1015,8,159,0
18010,4,0,2,8,2909,10,4,83,44,336,'2011-02-17 10:31:59+00:00',lucene/src/test/org/apache/lucene/index/testindexwriter.java,1015,7,1,0
18019,5,0,0,7,1035,10,4,40,18,336,'2011-02-17 10:31:59+00:00',lucene/src/test/org/apache/lucene/index/testindexwriterreader.java,1015,7,0,0
18028,2,0,0,3,209,10,4,14,1,316,'2011-02-17 10:31:59+00:00',lucene/src/test/org/apache/lucene/search/testautomatonquery.java,0,3,0,0
18049,4,0,0,5,1046,23,4,16,8,337,'2011-02-17 23:09:43+00:00',solr/src/java/org/apache/solr/core/corecontainer.java,0,5,0,0
18059,7,0,2,11,0,0,5,26,6,337,'2011-02-18 00:14:22+00:00',solr/src/java/org/apache/solr/request/simplefacets.java,0,10,1,0
18085,2,0,8,11,0,1,6,6,0,338,'2011-02-19 01:33:12+00:00',solr/contrib/dataimporthandler/src/extras/test/java/org/apache/solr/handler/dataimport/testtikaentityprocessor.java,0,9,2,0
18102,0,0,3,4,248,11,0,1,1,339,'2011-02-20 11:59:12+00:00',lucene/src/java/org/apache/lucene/util/priorityqueue.java,0,3,1,0
18111,0,43,14,61,287,15,0,7,0,270,'2011-02-20 15:01:47+00:00',lucene/contrib/demo/src/java/org/apache/lucene/demo/searchfiles.java,0,5,56,0
18159,0,0,8,10,765,14,1,3,2,70,'2011-02-21 14:23:48+00:00',lucene/src/java/org/apache/lucene/util/automaton/fst/fst.java,282,7,3,1
18167,77,26,104,217,249,14,1,1,1,47,'2011-02-21 14:23:48+00:00',lucene/src/java/org/apache/lucene/util/automaton/fst/util.java,0,144,73,0
18183,0,0,11,12,30,14,2,3,1,341,'2011-02-22 14:17:10+00:00',solr/src/java/org/apache/solr/analysis/asciifoldingfilterfactory.java,834,11,1,0
18192,0,0,10,12,31,14,2,2,0,341,'2011-02-22 14:17:10+00:00',solr/src/java/org/apache/solr/analysis/arabicnormalizationfilterfactory.java,834,10,2,0
18200,0,0,10,12,32,14,2,2,0,341,'2011-02-22 14:17:10+00:00',solr/src/java/org/apache/solr/analysis/arabicstemfilterfactory.java,834,10,2,0
18208,0,0,11,12,30,14,2,2,0,341,'2011-02-22 14:17:10+00:00',solr/src/java/org/apache/solr/analysis/brazilianstemfilterfactory.java,834,11,1,0
18216,0,0,11,12,28,14,2,2,0,341,'2011-02-22 14:17:10+00:00',solr/src/java/org/apache/solr/analysis/bulgarianstemfilterfactory.java,834,11,1,0
18225,0,0,10,11,31,14,2,2,0,341,'2011-02-22 14:17:10+00:00',solr/src/java/org/apache/solr/analysis/cjktokenizerfactory.java,834,10,1,0
18234,9,0,2,12,129,14,2,5,2,341,'2011-02-22 14:17:10+00:00',solr/src/java/org/apache/solr/analysis/capitalizationfilterfactory.java,834,11,1,0
18243,8,0,0,9,31,14,2,1,1,147,'2011-02-22 14:17:10+00:00',solr/src/java/org/apache/solr/analysis/classicfilterfactory.java,834,9,0,0
18252,7,0,0,8,47,14,2,3,1,147,'2011-02-22 14:17:10+00:00',solr/src/java/org/apache/solr/analysis/classictokenizerfactory.java,834,8,0,0
18261,0,0,11,12,164,14,2,1,0,341,'2011-02-22 14:17:10+00:00',solr/src/java/org/apache/solr/analysis/collationkeyfilterfactory.java,834,10,2,0
18270,0,0,9,10,72,14,2,5,2,341,'2011-02-22 14:17:10+00:00',solr/src/java/org/apache/solr/analysis/commongramsfilterfactory.java,834,9,1,0
18279,7,0,4,12,85,14,2,5,3,341,'2011-02-22 14:17:10+00:00',solr/src/java/org/apache/solr/analysis/commongramsqueryfilterfactory.java,834,10,2,0
18288,0,0,10,11,28,14,2,2,0,341,'2011-02-22 14:17:10+00:00',solr/src/java/org/apache/solr/analysis/czechstemfilterfactory.java,834,10,1,0
18297,0,0,11,13,72,14,2,2,0,341,'2011-02-22 14:17:10+00:00',solr/src/java/org/apache/solr/analysis/delimitedpayloadtokenfilterfactory.java,834,11,2,0
18305,0,0,12,13,65,14,2,4,1,341,'2011-02-22 14:17:10+00:00',solr/src/java/org/apache/solr/analysis/dictionarycompoundwordtokenfilterfactory.java,834,12,1,0
18314,10,0,0,11,48,14,2,2,0,341,'2011-02-22 14:17:10+00:00',solr/src/java/org/apache/solr/analysis/doublemetaphonefilterfactory.java,834,11,0,0
18323,7,0,0,8,54,14,2,2,0,341,'2011-02-22 14:17:10+00:00',solr/src/java/org/apache/solr/analysis/edgengramfilterfactory.java,834,8,0,0
18332,6,0,0,7,53,14,2,1,0,341,'2011-02-22 14:17:10+00:00',solr/src/java/org/apache/solr/analysis/edgengramtokenizerfactory.java,834,7,0,0
18341,0,0,11,12,53,14,2,4,1,341,'2011-02-22 14:17:10+00:00',solr/src/java/org/apache/solr/analysis/elisionfilterfactory.java,834,11,1,0
18350,0,0,11,12,28,14,2,1,0,223,'2011-02-22 14:17:10+00:00',solr/src/java/org/apache/solr/analysis/englishminimalstemfilterfactory.java,834,11,1,0
18359,0,0,11,12,28,14,2,1,1,147,'2011-02-22 14:17:10+00:00',solr/src/java/org/apache/solr/analysis/englishpossessivefilterfactory.java,834,11,1,0
18368,0,0,11,12,28,14,2,1,0,223,'2011-02-22 14:17:10+00:00',solr/src/java/org/apache/solr/analysis/finnishlightstemfilterfactory.java,834,11,1,0
18377,0,0,11,12,28,14,2,1,0,223,'2011-02-22 14:17:10+00:00',solr/src/java/org/apache/solr/analysis/frenchlightstemfilterfactory.java,834,11,1,0
18386,0,0,11,12,28,14,2,1,0,223,'2011-02-22 14:17:10+00:00',solr/src/java/org/apache/solr/analysis/frenchminimalstemfilterfactory.java,834,11,1,0
18395,0,0,11,12,28,14,2,1,0,46,'2011-02-22 14:17:10+00:00',solr/src/java/org/apache/solr/analysis/galicianstemfilterfactory.java,834,11,1,0
18404,0,0,11,12,28,14,2,1,0,223,'2011-02-22 14:17:10+00:00',solr/src/java/org/apache/solr/analysis/germanlightstemfilterfactory.java,834,11,1,0
18412,0,0,11,12,28,14,2,1,0,223,'2011-02-22 14:17:10+00:00',solr/src/java/org/apache/solr/analysis/germanminimalstemfilterfactory.java,834,11,1,0
18419,0,0,11,12,31,14,2,2,1,341,'2011-02-22 14:17:10+00:00',solr/src/java/org/apache/solr/analysis/germanstemfilterfactory.java,834,11,1,0
18427,0,0,11,12,47,14,2,4,0,341,'2011-02-22 14:17:10+00:00',solr/src/java/org/apache/solr/analysis/greeklowercasefilterfactory.java,834,11,1,0
18434,0,0,11,12,30,14,2,1,1,281,'2011-02-22 14:17:10+00:00',solr/src/java/org/apache/solr/analysis/greekstemfilterfactory.java,834,11,1,0
18442,0,0,12,13,30,14,2,2,0,341,'2011-02-22 14:17:10+00:00',solr/src/java/org/apache/solr/analysis/htmlstripcharfilterfactory.java,834,12,1,0
18451,0,0,11,12,28,14,2,2,0,341,'2011-02-22 14:17:10+00:00',solr/src/java/org/apache/solr/analysis/hindinormalizationfilterfactory.java,834,11,1,0
18460,0,0,11,12,28,14,2,2,0,341,'2011-02-22 14:17:10+00:00',solr/src/java/org/apache/solr/analysis/hindistemfilterfactory.java,834,11,1,0
18468,0,0,11,12,28,14,2,1,0,223,'2011-02-22 14:17:10+00:00',solr/src/java/org/apache/solr/analysis/hungarianlightstemfilterfactory.java,834,11,1,0
18475,0,0,9,10,31,14,2,3,0,341,'2011-02-22 14:17:10+00:00',solr/src/java/org/apache/solr/analysis/hyphenatedwordsfilterfactory.java,834,9,1,0
18483,8,0,2,11,105,14,2,4,2,227,'2011-02-22 14:17:10+00:00',solr/src/java/org/apache/solr/analysis/hyphenationcompoundwordtokenfilterfactory.java,0,10,1,0
18493,0,0,4,4,524,17,6,4,2,76,'2011-02-26 17:07:13+00:00',lucene/src/java/org/apache/lucene/util/automaton/fst/builder.java,0,2,2,0
18502,2,0,0,2,138,23,6,2,1,33,'2011-02-26 23:05:17+00:00',solr/contrib/uima/src/test/java/org/apache/solr/uima/processor/uimaupdaterequestprocessortest.java,0,2,0,0
18511,1,0,0,1,3781,11,0,91,55,346,'2011-02-27 11:06:54+00:00',lucene/src/java/org/apache/lucene/index/indexwriter.java,0,1,0,0
18531,0,0,11,13,171,15,0,1,1,0,'2011-02-27 15:40:57+00:00',solr/src/common/org/apache/solr/common/util/systemidresolver.java,47,9,4,0
18611,0,0,2,2,87,0,1,1,0,347,'2011-02-28 00:41:32+00:00',solr/src/java/org/apache/solr/response/queryresponsewriter.java,229,1,1,0
18620,0,0,4,6,640,0,1,8,1,347,'2011-02-28 00:41:32+00:00',solr/src/java/org/apache/solr/response/xmlwriter.java,229,3,3,0
18630,0,0,16,19,124,0,1,1,0,347,'2011-02-28 00:41:32+00:00',solr/src/java/org/apache/solr/response/xsltresponsewriter.java,229,14,5,0
18640,0,0,2,2,232,0,1,3,1,347,'2011-02-28 00:41:32+00:00',solr/src/solrj/org/apache/solr/client/solrj/util/clientutils.java,229,1,1,0
18699,0,0,2,2,333,13,3,7,3,280,'2011-03-02 13:56:15+00:00',modules/analysis/common/src/test/org/apache/lucene/collation/collationtestbase.java,0,1,1,0
18824,0,0,2,3,733,1,0,14,4,353,'2011-03-06 01:53:10+00:00',solr/src/java/org/apache/solr/handler/component/spellcheckcomponent.java,0,2,1,0
18876,1,0,0,2,129,0,1,3,2,93,'2011-03-07 00:55:32+00:00',lucene/contrib/misc/src/java/org/apache/lucene/store/windowsdirectory.java,94,2,0,0
18882,2,0,0,3,70,0,1,1,0,6,'2011-03-07 00:55:32+00:00',lucene/contrib/queries/src/java/org/apache/lucene/search/slowcollatedtermrangefilter.java,94,3,0,0
18887,1,0,0,2,176,0,1,1,1,6,'2011-03-07 00:55:32+00:00',lucene/contrib/queries/src/java/org/apache/lucene/search/slowcollatedtermrangequery.java,94,2,0,0
18894,0,0,2,2,103,0,1,1,0,6,'2011-03-07 00:55:32+00:00',modules/analysis/common/src/java/org/apache/lucene/collation/collationattributefactory.java,94,1,1,0
18900,1,0,2,3,96,0,1,1,0,6,'2011-03-07 00:55:32+00:00',modules/analysis/icu/src/java/org/apache/lucene/collation/icucollationattributefactory.java,94,2,1,0
18906,1,0,0,1,113,0,1,4,1,290,'2011-03-07 00:55:32+00:00',modules/analysis/icu/src/java/org/apache/lucene/collation/icucollationkeyanalyzer.java,0,1,0,0
18917,0,0,2,2,446,9,3,9,2,356,'2011-03-09 09:44:14+00:00',lucene/src/java/org/apache/lucene/search/sortfield.java,0,1,1,0
18927,0,0,2,2,1216,13,3,39,20,356,'2011-03-09 13:25:14+00:00',lucene/src/java/org/apache/lucene/index/documentswriter.java,43,1,1,0
18932,0,0,4,4,2915,13,3,84,44,356,'2011-03-09 13:25:14+00:00',lucene/src/test/org/apache/lucene/index/testindexwriter.java,0,2,2,0
18954,4,21,6,33,0,19,3,10,1,356,'2011-03-09 19:48:33+00:00',solr/src/java/org/apache/solr/response/xmlwriter.java,879,8,25,0
18963,0,0,6,6,0,19,3,18,3,356,'2011-03-09 19:48:33+00:00',solr/src/test/org/apache/solr/basicfunctionalitytest.java,879,3,3,0
18971,1,23,24,60,0,19,3,9,1,356,'2011-03-09 19:48:33+00:00',solr/src/test/org/apache/solr/convertedlegacytest.java,879,19,41,0
18980,0,0,12,12,0,19,3,5,0,356,'2011-03-09 19:48:33+00:00',solr/src/test/org/apache/solr/dismaxrequesthandlertest.java,879,6,6,0
18988,1,0,8,9,0,19,3,2,1,356,'2011-03-09 19:48:33+00:00',solr/src/test/org/apache/solr/echoparamstest.java,879,5,4,0
18997,1,0,2,3,0,19,3,4,0,356,'2011-03-09 19:48:33+00:00',solr/src/test/org/apache/solr/minimalschematest.java,879,2,1,0
19006,1,6,8,17,0,19,3,5,0,356,'2011-03-09 19:48:33+00:00',solr/src/test/org/apache/solr/outputwritertest.java,879,7,10,0
19014,1,0,6,7,0,19,3,4,0,356,'2011-03-09 19:48:33+00:00',solr/src/test/org/apache/solr/sampletest.java,879,4,3,0
19022,1,0,2,3,0,19,3,31,9,355,'2011-03-09 19:48:33+00:00',solr/src/test/org/apache/solr/solrtestcasej4.java,879,2,1,0
19031,1,0,2,3,0,19,3,4,1,147,'2011-03-09 19:48:33+00:00',solr/src/test/org/apache/solr/cloud/basiczktest.java,879,2,1,0
19040,1,0,2,3,0,19,3,10,2,356,'2011-03-09 19:48:33+00:00',solr/src/test/org/apache/solr/core/testarbitraryindexdir.java,879,2,1,0
19049,1,0,58,73,0,19,3,5,0,356,'2011-03-09 19:48:33+00:00',solr/src/test/org/apache/solr/handler/testcsvloader.java,879,37,36,0
19058,1,0,2,3,0,19,3,6,2,238,'2011-03-09 19:48:33+00:00',solr/src/test/org/apache/solr/util/abstractsolrtestcase.java,0,2,1,0
18995,0,0,2,2,142,9,3,1,1,336,'2011-03-09 09:18:56+00:00',lucene/src/java/org/apache/lucene/index/multifieldsenum.java,497,1,1,0
19004,0,0,2,2,443,9,3,9,4,336,'2011-03-09 09:18:56+00:00',lucene/src/java/org/apache/lucene/index/multitermsenum.java,497,1,1,0
19012,0,2,6,11,218,9,3,4,2,356,'2011-03-09 09:18:56+00:00',lucene/src/java/org/apache/lucene/search/fieldvaluehitqueue.java,497,4,7,0
19021,0,1,4,6,86,9,3,1,1,356,'2011-03-09 09:18:56+00:00',lucene/src/java/org/apache/lucene/search/hitqueue.java,497,2,4,0
19030,0,0,2,2,590,9,3,19,8,356,'2011-03-09 09:18:56+00:00',lucene/src/java/org/apache/lucene/search/multiphrasequery.java,497,1,1,0
19039,0,0,2,2,39,9,3,1,1,356,'2011-03-09 09:18:56+00:00',lucene/src/java/org/apache/lucene/search/phrasequeue.java,497,1,1,0
19048,0,0,2,2,318,9,3,2,1,356,'2011-03-09 09:18:56+00:00',lucene/src/java/org/apache/lucene/search/spans/nearspansunordered.java,497,1,1,0
19057,0,0,2,2,262,9,3,3,1,356,'2011-03-09 09:18:56+00:00',lucene/src/java/org/apache/lucene/search/spans/spanorquery.java,497,1,1,0
19065,6,38,46,94,250,9,3,2,1,356,'2011-03-09 09:18:56+00:00',lucene/src/java/org/apache/lucene/util/priorityqueue.java,497,53,41,0
19074,0,0,2,3,116,9,3,5,1,356,'2011-03-09 09:18:56+00:00',lucene/src/test/org/apache/lucene/util/testpriorityqueue.java,497,1,2,0
19083,0,0,2,2,135,9,3,1,0,63,'2011-03-09 09:18:56+00:00',modules/benchmark/src/java/org/apache/lucene/benchmark/quality/utils/qualityqueriesfinder.java,497,1,1,0
19092,3,0,6,13,628,9,3,6,1,356,'2011-03-09 09:18:56+00:00',solr/src/common/org/apache/solr/common/util/concurrentlrucache.java,497,9,4,0
19101,0,0,2,2,678,9,3,5,2,356,'2011-03-09 09:18:56+00:00',solr/src/java/org/apache/solr/handler/admin/lukerequesthandler.java,497,1,1,0
19110,1,1,0,3,285,9,3,3,0,356,'2011-03-09 09:18:56+00:00',solr/src/java/org/apache/solr/handler/component/sharddoc.java,497,1,2,0
19117,0,0,4,5,424,9,3,10,4,313,'2011-03-09 09:18:56+00:00',solr/src/java/org/apache/solr/request/persegmentsinglevaluedfaceting.java,497,1,4,0
19126,0,0,2,2,123,9,3,3,2,197,'2011-03-09 09:18:56+00:00',solr/src/java/org/apache/solr/spelling/suggest/lookup.java,0,1,1,0
19305,20,38,17,81,1216,10,5,40,20,365,'2011-03-18 10:36:40+00:00',lucene/src/java/org/apache/lucene/index/documentswriter.java,696,29,52,0
19316,1,26,23,63,3787,10,5,95,58,365,'2011-03-18 10:36:40+00:00',lucene/src/java/org/apache/lucene/index/indexwriter.java,696,18,45,0
19325,7,1,80,109,596,10,5,16,11,365,'2011-03-18 10:36:40+00:00',lucene/src/java/org/apache/lucene/index/indexwriterconfig.java,696,72,37,0
19335,115,0,0,116,3038,10,5,86,46,365,'2011-03-18 10:36:40+00:00',lucene/src/test/org/apache/lucene/index/testindexwriter.java,0,116,0,1
19399,9,1,0,12,135,20,0,1,0,75,'2011-03-20 20:12:39+00:00',modules/benchmark/src/java/org/apache/lucene/benchmark/bytask/benchmark.java,0,11,1,0
19419,69,10,93,182,129,14,1,1,0,76,'2011-03-21 14:59:42+00:00',modules/benchmark/src/java/org/apache/lucene/benchmark/bytask/feeds/linedocsource.java,877,167,15,0
19428,62,0,44,115,154,14,1,1,0,76,'2011-03-21 14:59:42+00:00',modules/benchmark/src/java/org/apache/lucene/benchmark/bytask/tasks/writelinedoctask.java,877,93,22,0
19435,2,0,5,8,1054,14,1,2,0,76,'2011-03-21 14:59:42+00:00',modules/benchmark/src/test/org/apache/lucene/benchmark/bytask/testperftaskslogic.java,877,7,1,0
19441,50,0,57,125,145,14,1,1,0,76,'2011-03-21 14:59:42+00:00',modules/benchmark/src/test/org/apache/lucene/benchmark/bytask/feeds/linedocsourcetest.java,877,108,17,0
19449,67,0,18,92,290,14,1,1,0,76,'2011-03-21 14:59:42+00:00',modules/benchmark/src/test/org/apache/lucene/benchmark/bytask/tasks/writelinedoctasktest.java,0,83,9,0
19145,1,0,7,12,210,16,3,4,3,343,'2011-03-16 16:51:26+00:00',lucene/src/java/org/apache/lucene/util/automaton/specialoperations.java,119,7,5,0
19154,23,0,0,24,376,16,3,2,0,37,'2011-03-16 16:51:26+00:00',lucene/src/test-framework/org/apache/lucene/util/automaton/automatontestutil.java,119,24,0,1
19165,33,0,0,34,34,16,3,0,0,0,'2011-03-16 16:51:26+00:00',lucene/src/test/org/apache/lucene/util/automaton/testspecialoperations.java,0,34,0,0
19376,0,290,0,291,282,18,5,1,0,1,'2011-03-18 18:40:02+00:00',dev-tools/validation/src/main/java/org/apache/lucene/validation/dependencychecker.java,1394,0,291,0
19379,0,63,0,64,64,18,5,1,0,1,'2011-03-18 18:40:02+00:00',dev-tools/validation/src/main/java/org/apache/lucene/validation/licensetype.java,1394,0,64,0
19392,281,0,0,282,282,18,5,0,0,0,'2011-03-18 18:40:02+00:00',lucene/src/test-framework/org/apache/lucene/validation/dependencychecker.java,1394,282,0,0
19397,63,0,0,64,64,18,5,0,0,0,'2011-03-18 18:40:02+00:00',lucene/src/test-framework/org/apache/lucene/validation/licensetype.java,1394,64,0,0
19087,0,0,5,6,450,2,0,11,2,360,'2011-03-13 02:44:56+00:00',lucene/src/java/org/apache/lucene/search/sortfield.java,0,1,5,0
19098,6,0,23,33,1407,12,2,10,4,92,'2011-03-15 12:20:03+00:00',lucene/src/test/org/apache/lucene/util/automaton/fst/testfsts.java,0,17,16,0
19250,1,0,0,1,0,18,4,5,2,364,'2011-03-17 18:53:48+00:00',solr/src/java/org/apache/solr/schema/binaryfield.java,299,1,0,0
19262,1,0,10,13,0,18,4,13,3,364,'2011-03-17 18:53:48+00:00',solr/src/java/org/apache/solr/schema/fieldtype.java,299,7,6,0
19273,0,0,4,5,0,18,4,18,6,250,'2011-03-17 18:53:48+00:00',solr/src/java/org/apache/solr/schema/latlontype.java,299,3,2,0
19283,0,0,4,5,0,18,4,7,1,364,'2011-03-17 18:53:48+00:00',solr/src/java/org/apache/solr/schema/pointtype.java,299,3,2,0
19293,0,0,4,4,0,18,4,7,2,364,'2011-03-17 18:53:48+00:00',solr/src/java/org/apache/solr/schema/schemafield.java,299,2,2,0
19304,0,0,6,7,0,18,4,11,7,364,'2011-03-17 18:53:48+00:00',solr/src/java/org/apache/solr/schema/triedatefield.java,299,5,2,0
19315,0,0,17,22,0,18,4,15,4,364,'2011-03-17 18:53:48+00:00',solr/src/java/org/apache/solr/schema/triefield.java,299,16,6,1
19324,1,1,38,45,0,18,4,4,1,364,'2011-03-17 18:53:48+00:00',solr/src/java/org/apache/solr/update/documentbuilder.java,0,11,34,0
19362,0,0,3,4,0,1,6,1,0,366,'2011-03-19 01:51:29+00:00',solr/src/common/org/apache/solr/common/util/fileutils.java,90,1,3,1
19372,0,0,8,8,0,1,6,14,4,366,'2011-03-19 01:51:29+00:00',solr/src/java/org/apache/solr/schema/fieldtype.java,90,4,4,0
19383,0,0,2,2,0,1,6,8,3,366,'2011-03-19 01:51:29+00:00',solr/src/java/org/apache/solr/schema/schemafield.java,0,1,1,0
19412,6,1,33,44,301,11,1,1,0,75,'2011-03-21 11:23:37+00:00',modules/benchmark/src/java/org/apache/lucene/benchmark/bytask/utils/algorithm.java,248,38,6,0
19421,54,0,0,55,0,11,1,0,0,0,'2011-03-21 11:23:37+00:00',modules/benchmark/src/test/org/apache/lucene/benchmark/bytask/tasks/alt/altpackagetasktest.java,248,55,0,0
19424,36,0,0,37,37,11,1,0,0,0,'2011-03-21 11:23:37+00:00',modules/benchmark/src/test/org/apache/lucene/benchmark/bytask/tasks/alt/alttesttask.java,248,37,0,0
19400,0,0,4,4,1357,13,1,22,13,368,'2011-03-21 13:52:15+00:00',lucene/contrib/memory/src/java/org/apache/lucene/index/memory/memoryindex.java,689,2,2,0
19408,0,0,5,7,78,13,1,3,2,368,'2011-03-21 13:52:15+00:00',lucene/contrib/xml-query-parser/src/java/org/apache/lucene/xmlparser/builders/spanortermsbuilder.java,689,3,4,1
19416,1,0,6,8,87,13,1,3,2,368,'2011-03-21 13:52:15+00:00',lucene/contrib/xml-query-parser/src/java/org/apache/lucene/xmlparser/builders/termsfilterbuilder.java,689,4,4,1
19425,1,0,6,8,88,13,1,3,2,368,'2011-03-21 13:52:15+00:00',lucene/contrib/xml-query-parser/src/java/org/apache/lucene/xmlparser/builders/termsquerybuilder.java,689,4,4,1
19433,4,0,4,10,308,13,1,12,6,368,'2011-03-21 13:52:15+00:00',lucene/src/java/org/apache/lucene/analysis/numerictokenstream.java,689,7,3,0
19439,1,0,13,18,260,13,1,10,5,348,'2011-03-21 13:52:15+00:00',lucene/src/java/org/apache/lucene/analysis/tokenattributes/chartermattributeimpl.java,689,13,5,1
19444,0,0,39,44,49,13,1,2,2,348,'2011-03-21 13:52:15+00:00',lucene/src/java/org/apache/lucene/analysis/tokenattributes/termtobytesrefattribute.java,689,36,8,0
19452,2,2,2,6,328,13,1,9,5,368,'2011-03-21 13:52:15+00:00',lucene/src/java/org/apache/lucene/index/termshashperfield.java,689,3,3,0
19461,0,2,0,3,99,13,1,8,4,368,'2011-03-21 13:52:15+00:00',lucene/src/java/org/apache/lucene/index/termshashperthread.java,689,0,3,0
19471,1,7,24,36,1197,13,1,9,4,149,'2011-03-21 13:52:15+00:00',lucene/src/java/org/apache/lucene/queryparser/queryparserbase.java,689,16,20,0
19480,1,0,3,6,152,13,1,5,2,368,'2011-03-21 13:52:15+00:00',lucene/src/java/org/apache/lucene/search/querytermvector.java,689,3,3,0
19490,0,0,8,8,115,13,1,4,2,368,'2011-03-21 13:52:15+00:00',lucene/src/test/org/apache/lucene/analysis/testnumerictokenstream.java,689,4,4,0
19500,4,0,4,10,175,13,1,8,6,168,'2011-03-21 13:52:15+00:00',lucene/src/test/org/apache/lucene/index/test2bterms.java,689,6,4,0
19510,0,0,9,11,50,13,1,2,2,21,'2011-03-21 13:52:15+00:00',modules/analysis/common/src/java/org/apache/lucene/collation/tokenattributes/collatedtermattributeimpl.java,689,6,5,0
19522,0,2,10,16,333,13,1,8,3,299,'2011-03-21 13:52:15+00:00',modules/analysis/common/src/test/org/apache/lucene/collation/collationtestbase.java,689,8,8,0
19533,0,0,12,15,55,13,1,2,1,21,'2011-03-21 13:52:15+00:00',modules/analysis/icu/src/java/org/apache/lucene/collation/tokenattributes/icucollatedtermattributeimpl.java,689,8,7,0
19544,1,2,6,12,434,13,1,9,2,368,'2011-03-21 13:52:15+00:00',solr/src/java/org/apache/solr/handler/analysisrequesthandlerbase.java,689,6,6,0
19252,63,0,0,64,0,15,4,0,0,0,'2011-03-17 15:34:21+00:00',dev-tools/validation/src/main/java/org/apache/lucene/validation/licensetype.java,975,64,0,0
19373,0,0,2,2,1193,10,6,41,20,366,'2011-03-19 10:35:10+00:00',lucene/src/java/org/apache/lucene/index/documentswriter.java,0,1,1,0
19393,46,0,0,50,152,18,6,6,3,346,'2011-03-19 18:13:01+00:00',lucene/src/java/org/apache/lucene/store/datainput.java,229,50,0,0
19403,22,0,76,95,82,18,6,2,1,366,'2011-03-19 18:13:01+00:00',lucene/src/test/org/apache/lucene/index/testindexinput.java,0,62,33,0
19417,0,0,2,2,0,16,1,5,2,368,'2011-03-21 16:03:35+00:00',solr/src/java/org/apache/solr/update/documentbuilder.java,0,1,1,0
19429,0,2,2,4,0,20,1,6,3,369,'2011-03-21 20:23:39+00:00',solr/src/java/org/apache/solr/update/documentbuilder.java,0,1,3,0
19363,0,0,4,4,3154,10,6,87,47,366,'2011-03-19 10:34:37+00:00',lucene/src/test/org/apache/lucene/index/testindexwriter.java,0,2,2,0
19407,0,0,2,2,312,14,1,13,7,368,'2011-03-21 14:03:22+00:00',lucene/src/java/org/apache/lucene/analysis/numerictokenstream.java,40,1,1,0
19415,0,0,4,4,268,14,1,11,6,348,'2011-03-21 14:03:22+00:00',lucene/src/java/org/apache/lucene/analysis/tokenattributes/chartermattributeimpl.java,0,2,2,0
19465,0,0,6,6,69,1,2,1,1,56,'2011-03-22 01:01:26+00:00',solr/contrib/uima/src/main/java/org/apache/solr/uima/processor/solruimaconfiguration.java,1340,3,3,0
19475,0,0,4,6,125,1,2,1,0,56,'2011-03-22 01:01:26+00:00',solr/contrib/uima/src/main/java/org/apache/solr/uima/processor/solruimaconfigurationreader.java,1340,3,3,0
19485,0,0,2,2,53,1,2,1,0,56,'2011-03-22 01:01:26+00:00',solr/contrib/uima/src/main/java/org/apache/solr/uima/processor/ae/aeproviderfactory.java,1340,1,1,0
19495,26,0,7,36,88,1,2,1,0,56,'2011-03-22 01:01:26+00:00',solr/contrib/uima/src/main/java/org/apache/solr/uima/processor/ae/overridingparamsaeprovider.java,1340,32,4,0
19505,0,11,9,25,133,1,2,4,1,56,'2011-03-22 01:01:26+00:00',solr/contrib/uima/src/test/java/org/apache/solr/uima/processor/uimaupdaterequestprocessortest.java,1340,8,17,0
19515,41,0,0,42,0,1,2,0,0,0,'2011-03-22 01:01:26+00:00',solr/contrib/uima/src/test/java/org/apache/solr/uima/processor/an/dummyentityannotator.java,1340,42,0,0
19520,60,0,0,61,0,1,2,0,0,0,'2011-03-22 01:01:26+00:00',solr/contrib/uima/src/test/java/org/apache/solr/uima/processor/an/dummysentimentannotator.java,1340,61,0,0
19527,61,0,0,62,0,1,2,0,0,0,'2011-03-22 01:01:26+00:00',solr/contrib/uima/src/test/java/org/apache/solr/uima/ts/entityannotation.java,1340,62,0,0
19531,54,0,0,55,0,1,2,0,0,0,'2011-03-22 01:01:26+00:00',solr/contrib/uima/src/test/java/org/apache/solr/uima/ts/entityannotation_type.java,1340,55,0,0
19538,79,0,0,80,0,1,2,0,0,0,'2011-03-22 01:01:26+00:00',solr/contrib/uima/src/test/java/org/apache/solr/uima/ts/sentimentannotation.java,1340,80,0,0
19542,78,0,0,79,0,1,2,0,0,0,'2011-03-22 01:01:26+00:00',solr/contrib/uima/src/test/java/org/apache/solr/uima/ts/sentimentannotation_type.java,1340,79,0,0
21185,0,2,2,4,227,17,2,16,10,341,'2011-02-22 17:14:57+00:00',lucene/src/java/org/apache/lucene/index/termvectorstermswriter.java,49,1,3,0
21194,1,0,0,1,288,17,2,13,4,341,'2011-02-22 17:14:57+00:00',lucene/src/java/org/apache/lucene/index/termvectorstermswriterperfield.java,49,1,0,0
21205,3,2,74,89,3867,7,3,103,63,342,'2011-02-23 07:29:02+00:00',lucene/src/java/org/apache/lucene/index/indexwriter.java,126,44,45,0
21218,18,64,62,178,638,7,5,55,31,344,'2011-02-25 07:15:28+00:00',lucene/src/java/org/apache/lucene/index/documentswriter.java,598,65,113,1
21227,34,3,8,49,372,7,5,12,10,218,'2011-02-25 07:15:28+00:00',lucene/src/java/org/apache/lucene/index/documentswriterperthread.java,598,41,8,1
21236,1,0,8,13,3866,7,5,104,63,344,'2011-02-25 07:15:28+00:00',lucene/src/java/org/apache/lucene/index/indexwriter.java,598,8,5,1
21244,0,2,0,2,289,7,5,14,4,344,'2011-02-25 07:15:28+00:00',lucene/src/java/org/apache/lucene/index/termvectorstermswriterperfield.java,598,0,2,0
21253,1,0,15,17,75,7,5,1,1,7,'2011-02-25 07:15:28+00:00',lucene/src/test/org/apache/lucene/index/testrollingupdates.java,0,16,1,0
21231,0,3,0,3,81,15,0,3,1,45,'2011-02-27 15:23:41+00:00',lucene/src/java/org/apache/lucene/index/documentswriterperthreadpool.java,30,0,3,0
